compute,0,1000,1490062613528.0,1290.0,281612024,276873960
compute,0,999,1490062615822.0,930.0,276873960,197101152
compute,0,998,1490062617753.0,384.0,197101152,191705976
compute,0,997,1490062619139.0,423.0,191705976,179125104
compute,0,996,1490062620564.0,327.0,179125104,264254456
compute,0,995,1490062621893.0,327.0,264254456,247077848
compute,0,994,1490062623222.0,311.0,247077848,286503104
compute,0,993,1490062624535.0,307.0,286503104,293840264
compute,0,992,1490062625844.0,310.0,293840264,271500376
compute,0,991,1490062627156.0,307.0,271500376,229442536
compute,0,990,1490062628465.0,316.0,229442536,169700992
compute,0,989,1490062629782.0,293.0,169700992,261784136
compute,0,988,1490062631076.0,307.0,261784136,180232232
compute,0,987,1490062632385.0,287.0,180232232,258895752
compute,0,986,1490062633674.0,297.0,258895752,334970760
compute,0,985,1490062634974.0,310.0,334970760,236084584
compute,0,984,1490062636286.0,303.0,236084584,309481000
compute,0,983,1490062637591.0,308.0,309481000,202235048
compute,0,982,1490062638901.0,289.0,202235048,269293344
compute,0,981,1490062640191.0,290.0,269293344,336109032
compute,0,980,1490062641483.0,307.0,336109032,224176312
compute,0,979,1490062642792.0,289.0,224176312,287881752
compute,0,978,1490062644084.0,313.0,243146064,238187488
compute,0,977,1490062645399.0,310.0,305762104,294328232
compute,0,976,1490062646712.0,309.0,362200224,338832440
compute,0,975,1490062648030.0,311.0,287496648,282062920
compute,0,974,1490062649343.0,446.0,349834944,270118920
compute,0,973,1490062650791.0,309.0,337757504,312331640
compute,0,972,1490062652102.0,309.0,380646320,340841568
compute,0,971,1490062653413.0,312.0,301911208,325593776
compute,0,970,1490062654727.0,332.0,393064048,278778488
compute,0,969,1490062656061.0,312.0,346823600,342638968
compute,0,968,1490062657375.0,445.0,410953136,307241752
compute,0,967,1490062658822.0,315.0,375596024,330111392
compute,0,966,1490062660139.0,310.0,398502584,339501688
compute,0,965,1490062661452.0,311.0,407104496,335356696
compute,0,964,1490062662764.0,312.0,402610448,321677800
compute,0,963,1490062664078.0,425.0,390175088,369358616
compute,0,962,1490062665506.0,315.0,437676784,345042352
compute,0,961,1490062666834.0,313.0,412256624,313747280
compute,0,960,1490062668148.0,352.0,381786472,276415656
compute,0,959,1490062669501.0,291.0,344800048,413810944
compute,0,958,1490062670793.0,1679.0,340242272,96751936
compute,0,957,1490062673573.0,308.0,163872096,94079664
compute,0,956,1490062674888.0,310.0,161853096,65467968
compute,0,955,1490062676200.0,294.0,133525672,139301072
compute,0,954,1490062677503.0,296.0,127359552,204953720
compute,0,953,1490062678800.0,311.0,169792512,114825040
compute,0,952,1490062680113.0,296.0,181974296,212998312
compute,0,951,1490062681410.0,424.0,170863432,113294336
compute,0,950,1490062682887.0,292.0,180902400,185723392
compute,0,949,1490062684252.0,297.0,170554368,240758648
compute,0,948,1490062685551.0,299.0,210346976,260978664
compute,0,947,1490062686851.0,299.0,210635560,241214152
compute,0,946,1490062688151.0,298.0,210667288,244051840
compute,0,945,1490062689451.0,298.0,222175560,272145848
compute,0,944,1490062690751.0,299.0,227474696,276034616
compute,0,943,1490062692052.0,299.0,227736384,236555432
compute,0,942,1490062693353.0,317.0,227558440,204504424
compute,0,941,1490062694672.0,473.0,272059016,295333608
compute,0,940,1490062696261.0,301.0,265729784,298774072
compute,0,939,1490062697564.0,301.0,265615360,301387184
compute,0,938,1490062698867.0,302.0,266273096,293858144
compute,0,937,1490062700172.0,305.0,266410384,294208936
compute,0,936,1490062701479.0,300.0,268729760,304741416
compute,0,935,1490062702781.0,300.0,268589552,310499808
compute,0,934,1490062704085.0,301.0,269198456,291334832
compute,0,933,1490062705388.0,390.0,268863096,302841408
compute,0,932,1490062706781.0,1502.0,284561408,133296432
compute,0,931,1490062709542.0,324.0,127486752,127303696
compute,0,930,1490062710869.0,321.0,131979304,155567176
compute,0,929,1490062712192.0,307.0,132292944,110743048
compute,0,928,1490062713502.0,310.0,178262416,104568400
compute,0,927,1490062714813.0,294.0,172052744,190243616
compute,0,926,1490062716108.0,668.0,133408616,114770984
compute,0,925,1490062717812.0,311.0,182462080,166022552
compute,0,924,1490062719170.0,312.0,173764744,190294168
compute,0,923,1490062720484.0,312.0,196600256,194740112
compute,0,922,1490062721798.0,311.0,198741488,208153088
compute,0,921,1490062723111.0,312.0,198833544,178895856
compute,0,920,1490062724424.0,322.0,199127304,246533208
compute,0,919,1490062725747.0,313.0,223524280,226409240
compute,0,918,1490062727062.0,315.0,223298432,210349776
compute,0,917,1490062728400.0,316.0,234375256,264037944
compute,0,916,1490062729717.0,316.0,266338832,288487344
compute,0,915,1490062731034.0,319.0,266850256,227829472
compute,0,914,1490062732355.0,426.0,295034192,289240400
compute,0,913,1490062734663.0,344.0,76754304,150029272
compute,0,912,1490062736009.0,293.0,115119656,153083208
compute,0,911,1490062737304.0,293.0,115494440,137804896
compute,0,910,1490062738599.0,294.0,115605968,165217776
compute,0,909,1490062739895.0,292.0,127126200,167732736
compute,0,908,1490062741188.0,292.0,127726912,146553720
compute,0,907,1490062742482.0,294.0,127311360,184814464
compute,0,906,1490062743778.0,293.0,144929592,195157720
compute,0,905,1490062745072.0,331.0,145398192,181924496
compute,0,904,1490062746405.0,299.0,145205440,217795216
compute,0,903,1490062747706.0,499.0,178465400,197805536
compute,0,902,1490062749282.0,720.0,179015728,270367840
compute,0,901,1490062751004.0,312.0,235419056,209517152
compute,0,900,1490062752318.0,312.0,276868824,204789440
compute,0,899,1490062753632.0,296.0,272847552,292647072
compute,0,898,1490062754930.0,309.0,236599960,220830928
compute,0,897,1490062756241.0,329.0,288352360,302326344
compute,0,896,1490062757573.0,380.0,236598904,267414968
compute,0,895,1490062758955.0,477.0,320767768,261272688
compute,0,894,1490062760434.0,1258.0,262381040,72953320
compute,0,893,1490062762697.0,569.0,126327624,92027168
compute,0,892,1490062764268.0,307.0,159477368,164306840
compute,0,891,1490062765577.0,307.0,142982144,82282720
compute,0,890,1490062766885.0,307.0,149491448,85685952
compute,0,889,1490062768193.0,296.0,153504024,179357784
compute,0,888,1490062769490.0,303.0,144549840,151735368
compute,0,887,1490062770795.0,311.0,160051200,144597904
compute,0,886,1490062772107.0,314.0,211950384,220972720
compute,0,885,1490062773423.0,310.0,203163200,149775880
compute,0,884,1490062774734.0,435.0,217058696,211645320
compute,0,883,1490062776336.0,323.0,204029464,257739840
compute,0,882,1490062777660.0,315.0,237533728,196082464
compute,0,881,1490062778977.0,314.0,263757344,203733160
compute,0,880,1490062780293.0,299.0,271902368,299514888
compute,0,879,1490062781594.0,296.0,239169144,227323136
compute,0,878,1490062782891.0,619.0,294563064,224006688
compute,0,877,1490062784512.0,655.0,241129064,36231120
compute,0,876,1490062786169.0,290.0,103645896,135101008
compute,0,875,1490062787461.0,292.0,85308336,84468144
compute,0,874,1490062788755.0,308.0,84583296,91829456
compute,0,873,1490062790065.0,308.0,159296448,143274120
compute,0,872,1490062791375.0,315.0,132996048,83640448
compute,0,871,1490062792691.0,309.0,151117752,109609080
compute,0,870,1490062794001.0,313.0,179185232,83358088
compute,0,869,1490062795315.0,293.0,151111232,152440504
compute,0,868,1490062796615.0,554.0,220360400,134349864
compute,0,867,1490062798222.0,300.0,201919512,217901648
compute,0,866,1490062799524.0,308.0,165270824,155963272
compute,0,865,1490062800837.0,294.0,223796608,220004360
compute,0,864,1490062802132.0,297.0,166434288,144124232
compute,0,863,1490062803431.0,294.0,211370944,207165304
compute,0,862,1490062804727.0,296.0,172632528,203457592
compute,0,861,1490062806025.0,312.0,197118416,181352976
compute,0,860,1490062807339.0,312.0,248965128,217518544
compute,0,859,1490062808963.0,324.0,77862168,85237568
compute,0,858,1490062810289.0,306.0,152850456,151639336
compute,0,857,1490062811597.0,308.0,136383448,82728720
compute,0,856,1490062812907.0,316.0,150221176,82077264
compute,0,855,1490062814225.0,291.0,149521808,166715032
compute,0,854,1490062815518.0,293.0,136670928,172779184
compute,0,853,1490062816813.0,310.0,157038008,110174184
compute,0,852,1490062818124.0,739.0,177310504,233478192
compute,0,851,1490062819866.0,638.0,163254608,193176816
compute,0,850,1490062821505.0,314.0,260587848,231013664
compute,0,849,1490062822820.0,315.0,224632408,202013928
compute,0,848,1490062824136.0,315.0,269242536,230796152
compute,0,847,1490062825452.0,317.0,240079016,229611056
compute,0,846,1490062826770.0,317.0,297006984,305566400
compute,0,845,1490062828088.0,297.0,279414352,328242536
compute,0,844,1490062829387.0,535.0,280023032,251002584
compute,0,843,1490062830923.0,1137.0,283879416,100727440
compute,0,842,1490062833247.0,344.0,103528464,90061656
compute,0,841,1490062834627.0,343.0,117093336,103167232
compute,0,840,1490062835988.0,332.0,133561640,141100848
compute,0,839,1490062837322.0,310.0,148372496,168801032
compute,0,838,1490062838634.0,308.0,148451912,124022888
compute,0,837,1490062839943.0,306.0,191403648,124764872
compute,0,836,1490062841250.0,291.0,192626192,213694280
compute,0,835,1490062842542.0,298.0,150340304,131283512
compute,0,834,1490062843842.0,519.0,199057920,90856216
compute,0,833,1490062845428.0,294.0,158193632,142193488
compute,0,832,1490062846724.0,296.0,210260440,184307576
compute,0,831,1490062848021.0,296.0,158582048,173983360
compute,0,830,1490062849319.0,312.0,241370072,170347160
compute,0,829,1490062850633.0,296.0,238292512,258846056
compute,0,828,1490062851931.0,297.0,203784432,193080824
compute,0,827,1490062853230.0,399.0,260237160,286675448
compute,0,826,1490062854631.0,352.0,204402624,205942312
compute,0,825,1490062855985.0,800.0,256129408,236263592
compute,0,824,1490062857787.0,1792.0,236694344,114754592
compute,0,823,1490062860663.0,592.0,121725008,148778256
compute,0,822,1490062862313.0,360.0,175701296,165682008
compute,0,821,1490062863675.0,325.0,181342400,128918864
compute,0,820,1490062865002.0,310.0,196680760,201437920
compute,0,819,1490062866315.0,364.0,182630904,124278512
compute,0,818,1490062867681.0,294.0,191911272,239767312
compute,0,817,1490062868977.0,305.0,182717104,195269376
compute,0,816,1490062870283.0,316.0,182543696,165146568
compute,0,815,1490062871600.0,412.0,232324608,246690832
compute,0,814,1490062873013.0,766.0,261220208,311323784
compute,0,813,1490062874785.0,320.0,269201704,204638056
compute,0,812,1490062876106.0,300.0,272475728,302616280
compute,0,811,1490062877407.0,301.0,270343720,285333904
compute,0,810,1490062878709.0,320.0,284342560,250486792
compute,0,809,1490062880031.0,320.0,318071168,302843360
compute,0,808,1490062881912.0,330.0,70978984,126201000
compute,0,807,1490062883252.0,309.0,132692400,131605800
compute,0,806,1490062884563.0,308.0,134206840,141289488
compute,0,805,1490062885872.0,308.0,134162184,113679216
compute,0,804,1490062887181.0,324.0,133967488,91413544
compute,0,803,1490062888507.0,311.0,158788816,167722520
compute,0,802,1490062889820.0,324.0,157097104,119803688
compute,0,801,1490062891146.0,310.0,187320240,130641872
compute,0,800,1490062892458.0,325.0,198417760,95272048
compute,0,799,1490062893785.0,627.0,160473776,255673288
compute,0,798,1490062895413.0,630.0,269514576,186299224
compute,0,797,1490062897225.0,352.0,211653112,176671056
compute,0,796,1490062898579.0,328.0,244163632,180321720
compute,0,795,1490062899909.0,312.0,247525552,206220072
compute,0,794,1490062901223.0,313.0,274281120,171205720
compute,0,793,1490062902538.0,410.0,239692032,304439616
compute,0,792,1490062903954.0,306.0,228692632,194650112
compute,0,791,1490062905262.0,296.0,262257496,207797992
compute,0,790,1490062906560.0,295.0,275695704,209733664
compute,0,789,1490062907856.0,296.0,277685176,201640832
compute,0,788,1490062909154.0,332.0,269611992,205997032
compute,0,787,1490062910488.0,474.0,252314824,249046896
compute,0,786,1490062912008.0,296.0,316945768,250967816
compute,0,785,1490062913306.0,298.0,318959872,245651136
compute,0,784,1490062914606.0,298.0,313300920,232398656
compute,0,783,1490062915906.0,299.0,299720096,214656928
compute,0,782,1490062917208.0,300.0,282052664,190387720
compute,0,781,1490062918510.0,516.0,257779136,269543864
compute,0,780,1490062920076.0,296.0,337501056,289953168
compute,0,779,1490062921458.0,1342.0,256882696,101566384
compute,0,778,1490062923801.0,310.0,169258280,97558208
compute,0,777,1490062925112.0,296.0,164828664,187721272
compute,0,776,1490062926409.0,297.0,138727416,133505440
compute,0,775,1490062927707.0,294.0,200754264,201891320
compute,0,774,1490062929002.0,294.0,139368720,111632112
compute,0,773,1490062930297.0,335.0,179562328,179947000
compute,0,772,1490062931633.0,296.0,138688224,207888480
compute,0,771,1490062932931.0,314.0,188711328,135147848
compute,0,770,1490062934247.0,775.0,202581488,264063176
compute,0,769,1490062936024.0,882.0,183110128,257748792
compute,0,768,1490062937907.0,595.0,260180952,289636928
compute,0,767,1490062939537.0,316.0,289985856,326861680
compute,0,766,1490062940855.0,317.0,290908904,254948776
compute,0,765,1490062942173.0,317.0,322727608,234192760
compute,0,764,1490062943491.0,301.0,301371096,308267504
compute,0,763,1490062944794.0,303.0,292322880,322683488
compute,0,762,1490062946577.0,324.0,77307432,108122336
compute,0,761,1490062947926.0,324.0,133261384,111025328
compute,0,760,1490062949269.0,333.0,142568744,137241096
compute,0,759,1490062950603.0,322.0,153875016,99923016
compute,0,758,1490062951926.0,312.0,167751488,166708016
compute,0,757,1490062953240.0,309.0,155076136,113557320
compute,0,756,1490062954551.0,309.0,181084312,118766144
compute,0,755,1490062955862.0,294.0,186902680,207636712
compute,0,754,1490062957158.0,295.0,159243896,154399712
compute,0,753,1490062958454.0,695.0,221940208,223200184
compute,0,752,1490062960175.0,685.0,190016624,201051408
compute,0,751,1490062961862.0,313.0,268795240,223432752
compute,0,750,1490062963177.0,316.0,291148504,203857240
compute,0,749,1490062964495.0,297.0,271889240,277991328
compute,0,748,1490062965794.0,299.0,238188296,254365800
compute,0,747,1490062967095.0,317.0,252358248,251851032
compute,0,746,1490062968414.0,317.0,319453024,295849960
compute,0,745,1490062969733.0,320.0,289319864,246067792
compute,0,744,1490062971056.0,552.0,312540352,361367728
compute,0,743,1490062972611.0,1332.0,388578192,116547792
compute,0,742,1490062974946.0,503.0,70328568,127122936
compute,0,741,1490062976491.0,352.0,133875864,150771336
compute,0,740,1490062977844.0,309.0,143089152,128608896
compute,0,739,1490062979154.0,309.0,142963800,175584176
compute,0,738,1490062980465.0,307.0,160628416,148771968
compute,0,737,1490062981773.0,312.0,160428592,188716352
compute,0,736,1490062983087.0,311.0,183348048,177166192
compute,0,735,1490062984400.0,311.0,183555184,188458224
compute,0,734,1490062985713.0,310.0,189664592,175263200
compute,0,733,1490062987024.0,315.0,190427064,225024896
compute,0,732,1490062988340.0,313.0,200329376,194475568
compute,0,731,1490062989654.0,313.0,200529920,212153352
compute,0,730,1490062990968.0,313.0,222932232,229284552
compute,0,729,1490062992283.0,314.0,232419080,239536568
compute,0,728,1490062993599.0,329.0,233030888,210244960
compute,0,727,1490062994929.0,332.0,232431744,195330392
compute,0,726,1490062996263.0,316.0,262723488,275405960
compute,0,725,1490062997580.0,355.0,257855952,225710608
compute,0,724,1490062998936.0,491.0,278023120,270771368
compute,0,723,1490063000714.0,309.0,261678712,324486944
compute,0,722,1490063002025.0,319.0,301709376,267073688
compute,0,721,1490063003346.0,320.0,334770976,266002384
compute,0,720,1490063004668.0,302.0,334025144,357900056
compute,0,719,1490063005971.0,301.0,303256648,291670128
compute,0,718,1490063007274.0,341.0,359095800,377539088
compute,0,717,1490063008617.0,332.0,303488680,315172440
compute,0,716,1490063009950.0,478.0,364944328,288498224
compute,0,715,1490063011468.0,1656.0,354169368,159938392
compute,0,714,1490063014181.0,758.0,133525392,136879360
compute,0,713,1490063015941.0,328.0,204133976,160279496
compute,0,712,1490063017271.0,311.0,227406592,206709640
compute,0,711,1490063018584.0,312.0,202149696,161332664
compute,0,710,1490063019898.0,312.0,228792240,197991904
compute,0,709,1490063021212.0,320.0,265749464,176108112
compute,0,708,1490063022534.0,496.0,244306808,183476536
compute,0,707,1490063024075.0,599.0,246954800,260561304
compute,0,706,1490063025885.0,358.0,265833352,231276008
compute,0,705,1490063027244.0,320.0,298627824,311823248
compute,0,704,1490063028566.0,318.0,299125992,256063904
compute,0,703,1490063029886.0,318.0,323755920,261561696
compute,0,702,1490063031205.0,305.0,329339128,350545320
compute,0,701,1490063032511.0,396.0,300542360,322352992
compute,0,700,1490063033908.0,731.0,374052784,362007368
compute,0,699,1490063035708.0,1671.0,424932856,81992608
compute,0,698,1490063038381.0,323.0,149470136,120271000
compute,0,697,1490063039705.0,327.0,139619080,93629920
compute,0,696,1490063041033.0,308.0,160830680,164777624
compute,0,695,1490063042343.0,312.0,157276328,129032312
compute,0,694,1490063043657.0,310.0,196597152,147252640
compute,0,693,1490063044969.0,310.0,214489480,111070600
compute,0,692,1490063046281.0,445.0,179240072,249408424
compute,0,691,1490063047824.0,576.0,162034408,232574528
compute,0,690,1490063049429.0,396.0,202871520,178129952
compute,0,689,1490063050827.0,313.0,245763224,193898592
compute,0,688,1490063052142.0,316.0,261407144,160047600
compute,0,687,1490063053460.0,298.0,227991592,222811576
compute,0,686,1490063054759.0,299.0,214215696,300549600
compute,0,685,1490063056060.0,332.0,264718736,216681008
compute,0,684,1490063057394.0,469.0,283998120,253666544
compute,0,683,1490063058916.0,595.0,316946712,309529512
compute,0,682,1490063060600.0,381.0,295168576,297178040
compute,0,681,1490063061982.0,318.0,306945896,322207392
compute,0,680,1490063063302.0,317.0,312404088,296654672
compute,0,679,1490063064621.0,320.0,312432752,351326584
compute,0,678,1490063065943.0,320.0,333329296,322970944
compute,0,677,1490063067265.0,323.0,333539464,363144272
compute,0,676,1490063068590.0,318.0,359119856,353503984
compute,0,675,1490063069911.0,322.0,359397576,359550120
compute,0,674,1490063071235.0,322.0,362124352,347046880
compute,0,673,1490063072983.0,383.0,64881056,66015032
compute,0,672,1490063074368.0,307.0,133479808,142167064
compute,0,671,1490063075677.0,318.0,126657736,77361328
compute,0,670,1490063076996.0,306.0,145091576,74725704
compute,0,669,1490063078304.0,291.0,142177216,159354976
compute,0,668,1490063079596.0,295.0,127093168,157366112
compute,0,667,1490063080892.0,310.0,144815088,108338192
compute,0,666,1490063082204.0,311.0,175654632,125408984
compute,0,665,1490063083516.0,637.0,191608184,197797520
compute,0,664,1490063085154.0,786.0,210633592,261525200
compute,0,663,1490063086941.0,315.0,245750576,274015928
compute,0,662,1490063088257.0,314.0,246322808,192704216
compute,0,661,1490063089572.0,300.0,260081232,301603824
compute,0,660,1490063090873.0,300.0,247044808,246011816
compute,0,659,1490063092174.0,299.0,313715328,305528256
compute,0,658,1490063093475.0,397.0,247752600,281948600
compute,0,657,1490063094873.0,712.0,291029560,263621128
compute,0,656,1490063096610.0,618.0,312787680,256882600
compute,0,655,1490063098230.0,335.0,324270392,257213552
compute,0,654,1490063099567.0,320.0,325242336,280502328
compute,0,653,1490063100888.0,319.0,348474840,245846440
compute,0,652,1490063102209.0,343.0,314298648,325154696
compute,0,651,1490063103554.0,1649.0,385862152,139905728
compute,0,650,1490063106376.0,558.0,121084992,168870552
compute,0,649,1490063107937.0,534.0,153366376,201668984
compute,0,648,1490063109518.0,380.0,212739608,148347136
compute,0,647,1490063110900.0,315.0,215832648,220295280
compute,0,646,1490063112217.0,316.0,215892088,198155344
compute,0,645,1490063113535.0,320.0,223923120,258752464
compute,0,644,1490063114857.0,319.0,259163272,284392760
compute,0,643,1490063116178.0,322.0,259813200,216753304
compute,0,642,1490063117502.0,317.0,284190856,202855840
compute,0,641,1490063118821.0,408.0,270082792,332824808
compute,0,640,1490063120231.0,355.0,260573456,320890872
compute,0,639,1490063121588.0,313.0,287891272,261884096
compute,0,638,1490063122903.0,777.0,329463312,326201056
compute,0,637,1490063124746.0,597.0,310855160,261313056
compute,0,636,1490063126345.0,339.0,328526352,298425024
compute,0,635,1490063128593.0,472.0,76646960,153012328
compute,0,634,1490063130066.0,308.0,143037152,180330040
compute,0,633,1490063131375.0,312.0,143596960,88463664
compute,0,632,1490063132688.0,298.0,155695048,181934304
compute,0,631,1490063133987.0,296.0,144241896,152136080
compute,0,630,1490063135285.0,313.0,156833568,134637552
compute,0,629,1490063136599.0,366.0,202047848,219213280
compute,0,628,1490063137967.0,441.0,198683784,218678672
compute,0,627,1490063139409.0,653.0,227265536,254616728
compute,0,626,1490063141108.0,556.0,210010600,214076992
compute,0,625,1490063142684.0,361.0,240194064,211783480
compute,0,624,1490063144059.0,351.0,248616712,248123800
compute,0,623,1490063145411.0,333.0,262649792,225227312
compute,0,622,1490063146746.0,334.0,263232856,253850696
compute,0,621,1490063148082.0,337.0,291505568,295826752
compute,0,620,1490063149421.0,335.0,302595272,247799072
compute,0,619,1490063150758.0,318.0,314959688,296830376
compute,0,618,1490063152077.0,320.0,304246184,289815264
compute,0,617,1490063153399.0,324.0,357208088,355777064
compute,0,616,1490063154724.0,319.0,335826888,275536392
compute,0,615,1490063156044.0,464.0,342659592,308282328
compute,0,614,1490063157509.0,759.0,351489960,352755840
compute,0,613,1490063159377.0,1753.0,364735240,135678984
compute,0,612,1490063162147.0,323.0,142773312,99075720
compute,0,611,1490063163471.0,308.0,166840024,166767512
compute,0,610,1490063164781.0,309.0,144470016,79030992
compute,0,609,1490063166092.0,293.0,146271992,203276568
compute,0,608,1490063167387.0,295.0,144338088,161406904
compute,0,607,1490063168684.0,296.0,144947896,178627264
compute,0,606,1490063169982.0,313.0,182125512,166240776
compute,0,605,1490063171297.0,329.0,199663160,209965472
compute,0,604,1490063172628.0,330.0,226474560,175810760
compute,0,603,1490063173960.0,635.0,243280440,232082840
compute,0,602,1490063175597.0,825.0,248457376,228483816
compute,0,601,1490063177425.0,317.0,295657720,323357904
compute,0,600,1490063178744.0,328.0,293362832,235218664
compute,0,599,1490063180074.0,300.0,302534624,342323032
compute,0,598,1490063181376.0,301.0,294221680,292858648
compute,0,597,1490063182678.0,303.0,294033592,357228288
compute,0,596,1490063183983.0,322.0,339448448,315966344
compute,0,595,1490063185999.0,344.0,76544832,82339632
compute,0,594,1490063187344.0,310.0,149932712,173887632
compute,0,593,1490063188658.0,311.0,143084680,76406704
compute,0,592,1490063189970.0,294.0,143719080,167239504
compute,0,591,1490063191265.0,296.0,143224704,194833936
compute,0,590,1490063192562.0,297.0,167446720,208828360
compute,0,589,1490063193861.0,310.0,168282400,205946784
compute,0,588,1490063195173.0,295.0,167872728,205894696
compute,0,587,1490063196470.0,637.0,177039672,206410496
compute,0,586,1490063198109.0,847.0,218336896,264737672
compute,0,585,1490063199979.0,360.0,227729848,280007648
compute,0,584,1490063201341.0,315.0,254818472,211894608
compute,0,583,1490063202657.0,315.0,279043400,200205432
compute,0,582,1490063203974.0,299.0,267822216,286369336
compute,0,581,1490063205274.0,307.0,256209608,269262880
compute,0,580,1490063206583.0,320.0,277255856,262781392
compute,0,579,1490063207904.0,320.0,329969792,338397104
compute,0,578,1490063209225.0,320.0,314061208,249638408
compute,0,577,1490063210546.0,783.0,316872920,352167680
compute,0,576,1490063212367.0,1376.0,387478928,68237912
compute,0,575,1490063214745.0,307.0,135456160,132303456
compute,0,574,1490063216053.0,311.0,118132088,72855032
compute,0,573,1490063217366.0,308.0,140502016,80269552
compute,0,572,1490063218676.0,293.0,147701384,170985088
compute,0,571,1490063219971.0,293.0,118836288,109788064
compute,0,570,1490063221266.0,630.0,177818536,139296368
compute,0,569,1490063222898.0,687.0,139296368,223600072
compute,0,568,1490063224587.0,313.0,197886696,190958872
compute,0,567,1490063225902.0,333.0,198116464,188883872
compute,0,566,1490063227307.0,343.0,222841976,232293024
compute,0,565,1490063228652.0,334.0,247007512,193177328
compute,0,564,1490063229989.0,315.0,260726568,256489176
compute,0,563,1490063231306.0,316.0,248105416,214839736
compute,0,562,1490063232624.0,316.0,282493432,232596536
compute,0,561,1490063233941.0,314.0,300858584,192682576
compute,0,560,1490063235256.0,658.0,260611328,250674536
compute,0,559,1490063236963.0,301.0,318199648,346584128
compute,0,558,1490063238265.0,301.0,291469184,287579600
compute,0,557,1490063239567.0,317.0,355227432,344461368
compute,0,556,1490063240886.0,303.0,292147328,270864656
compute,0,555,1490063242190.0,304.0,338218152,338422304
compute,0,554,1490063243495.0,305.0,302676776,329827440
compute,0,553,1490063244801.0,322.0,322794792,302559640
compute,0,552,1490063246125.0,519.0,369695096,400918960
compute,0,551,1490063247783.0,329.0,77119552,69777248
compute,0,550,1490063249114.0,308.0,136926248,101720208
compute,0,549,1490063250423.0,311.0,169048904,86463600
compute,0,548,1490063251735.0,294.0,154101664,165039184
compute,0,547,1490063253030.0,295.0,131895888,139741664
compute,0,546,1490063254326.0,310.0,206979032,107593360
compute,0,545,1490063255638.0,567.0,174597008,266650688
compute,0,544,1490063257207.0,361.0,156100368,240045216
compute,0,543,1490063258570.0,377.0,200127808,230486656
compute,0,542,1490063259949.0,318.0,227581320,267212000
compute,0,541,1490063261269.0,502.0,256540488,228145648
compute,0,540,1490063262773.0,605.0,278297360,222011736
compute,0,539,1490063264420.0,608.0,284844232,256486584
compute,0,538,1490063266030.0,335.0,323800768,261557312
compute,0,537,1490063267367.0,320.0,329146296,291569016
compute,0,536,1490063268689.0,319.0,359688992,260384504
compute,0,535,1490063270010.0,303.0,327722896,326047128
compute,0,534,1490063271315.0,305.0,316526640,403590920
compute,0,533,1490063272622.0,324.0,367740224,317486064
compute,0,532,1490063273948.0,1818.0,384624704,125905616
compute,0,531,1490063276768.0,934.0,127833808,146522296
compute,0,530,1490063278704.0,328.0,213746480,163119616
compute,0,529,1490063280034.0,315.0,231017576,206399008
compute,0,528,1490063281351.0,315.0,201362704,181486496
compute,0,527,1490063282668.0,313.0,248842600,210706408
compute,0,526,1490063283983.0,316.0,220135120,206627040
compute,0,525,1490063285300.0,316.0,274137752,280381352
compute,0,524,1490063286618.0,320.0,260024104,202061704
compute,0,523,1490063287939.0,706.0,269828528,297141800
compute,0,522,1490063289646.0,843.0,309193512,345618960
compute,0,521,1490063291560.0,600.0,311198840,289641024
compute,0,520,1490063293161.0,324.0,356989688,377679680
compute,0,519,1490063294486.0,323.0,352257632,299296288
compute,0,518,1490063295810.0,305.0,367351832,405005640
compute,0,517,1490063297117.0,307.0,353150136,356309752
compute,0,516,1490063298960.0,313.0,75615384,90067600
compute,0,515,1490063300274.0,307.0,157429208,128141888
compute,0,514,1490063301583.0,308.0,195345328,111522896
compute,0,513,1490063302893.0,295.0,179405328,188346728
compute,0,512,1490063304189.0,294.0,144190896,146942560
compute,0,511,1490063305485.0,470.0,214107808,128859320
compute,0,510,1490063306956.0,517.0,168694360,107609000
compute,0,509,1490063308545.0,294.0,174736464,188257384
compute,0,508,1490063309868.0,323.0,171092496,207946312
compute,0,507,1490063311193.0,316.0,204905608,175285752
compute,0,506,1490063312510.0,310.0,242900688,225883992
compute,0,505,1490063313822.0,311.0,213923016,173558280
compute,0,504,1490063315135.0,314.0,241205824,183038584
compute,0,503,1490063316451.0,300.0,251207824,278150152
compute,0,502,1490063317753.0,335.0,222354000,232431848
compute,0,501,1490063319090.0,562.0,276780328,204696504
compute,0,500,1490063320677.0,304.0,272553496,260956960
compute,0,499,1490063322024.0,321.0,231007512,261645840
compute,0,498,1490063323524.0,324.0,278937184,289984320
compute,0,497,1490063324850.0,337.0,315170848,290261608
compute,0,496,1490063326189.0,337.0,318833912,304191872
compute,0,495,1490063327528.0,338.0,326694648,286067320
compute,0,494,1490063328889.0,350.0,326545304,354503816
compute,0,493,1490063330241.0,322.0,353326664,382807704
compute,0,492,1490063331565.0,321.0,353474208,300340168
compute,0,491,1490063332888.0,305.0,368063456,407273216
compute,0,490,1490063334195.0,304.0,354819632,353205208
compute,0,489,1490063335501.0,530.0,420965200,340813792
compute,0,488,1490063337033.0,755.0,374544768,386331592
compute,0,487,1490063338815.0,1973.0,407456024,137822432
compute,0,486,1490063341789.0,312.0,116877024,89533360
compute,0,485,1490063343102.0,309.0,157236456,105071000
compute,0,484,1490063344412.0,313.0,117671736,154534000
compute,0,483,1490063345726.0,310.0,158917904,167735864
compute,0,482,1490063347037.0,310.0,159059200,146883712
compute,0,481,1490063348348.0,312.0,159094624,160334240
compute,0,480,1490063349662.0,330.0,185082384,162502080
compute,0,479,1490063350993.0,330.0,195347432,195385520
compute,0,478,1490063352325.0,331.0,209377032,148310472
compute,0,477,1490063353658.0,312.0,215682432,206915696
compute,0,476,1490063354971.0,316.0,209964904,214854104
compute,0,475,1490063356288.0,317.0,232210144,251394480
compute,0,474,1490063357606.0,317.0,252411416,258800280
compute,0,473,1490063358925.0,316.0,252348440,226689344
compute,0,472,1490063360243.0,338.0,252207608,225370872
compute,0,471,1490063361582.0,515.0,292974864,270305656
compute,0,470,1490063363099.0,973.0,307205688,337433224
compute,0,469,1490063365086.0,536.0,351663040,320012808
compute,0,468,1490063366629.0,341.0,349458056,341015696
compute,0,467,1490063367971.0,343.0,362086456,321774008
compute,0,466,1490063370338.0,329.0,76005976,141573864
compute,0,465,1490063371669.0,311.0,140507528,169944856
compute,0,464,1490063372982.0,308.0,140890896,87471192
compute,0,463,1490063374292.0,294.0,154670584,196400600
compute,0,462,1490063375588.0,293.0,142075488,140952776
compute,0,461,1490063376883.0,321.0,208141120,215337736
compute,0,460,1490063378206.0,345.0,141943816,139389248
compute,0,459,1490063379553.0,690.0,198176544,188125624
compute,0,458,1490063381293.0,753.0,193296376,245136608
compute,0,457,1490063383048.0,312.0,230837192,224250992
compute,0,456,1490063384362.0,317.0,231144800,249945984
compute,0,455,1490063385681.0,315.0,245931040,238817592
compute,0,454,1490063386998.0,313.0,245927024,252771680
compute,0,453,1490063388313.0,333.0,250733432,241285016
compute,0,452,1490063389648.0,316.0,250794016,263331640
compute,0,451,1490063390966.0,317.0,256480904,241486104
compute,0,450,1490063392284.0,313.0,256704584,290152696
compute,0,449,1490063393599.0,317.0,273280616,260261000
compute,0,448,1490063394917.0,319.0,273422792,306461808
compute,0,447,1490063396237.0,320.0,299777808,292629504
compute,0,446,1490063397558.0,324.0,300044440,313210216
compute,0,445,1490063398884.0,320.0,309398576,298306552
compute,0,444,1490063400205.0,322.0,309300432,325866856
compute,0,443,1490063401528.0,329.0,318178784,309998384
compute,0,442,1490063402859.0,320.0,318141744,344646560
compute,0,441,1490063404180.0,406.0,333561832,369735216
compute,0,440,1490063405587.0,321.0,333596808,371942432
compute,0,439,1490063406910.0,832.0,355738600,362358728
compute,0,438,1490063408789.0,1178.0,391711168,83396072
compute,0,437,1490063411039.0,361.0,106027016,71817336
compute,0,436,1490063412441.0,337.0,109781712,131473608
compute,0,435,1490063413780.0,308.0,129843464,156624744
compute,0,434,1490063415089.0,309.0,130417672,79177768
compute,0,433,1490063416399.0,294.0,146608000,192033080
compute,0,432,1490063417694.0,297.0,131377496,136871520
compute,0,431,1490063418993.0,593.0,204696320,114348056
compute,0,430,1490063420587.0,643.0,143072608,149804856
compute,0,429,1490063422284.0,318.0,217211088,143167680
compute,0,428,1490063423603.0,296.0,210913912,233312528
compute,0,427,1490063424901.0,298.0,196492512,217092392
compute,0,426,1490063426201.0,314.0,205694432,173893544
compute,0,425,1490063427517.0,314.0,241648464,191928408
compute,0,424,1490063428833.0,315.0,260032848,161810496
compute,0,423,1490063430150.0,490.0,229099688,293866608
compute,0,422,1490063431642.0,635.0,329414504,303527120
compute,0,421,1490063433362.0,384.0,270525936,313856504
compute,0,420,1490063434748.0,301.0,271400600,302028336
compute,0,419,1490063436051.0,302.0,271380232,306447264
compute,0,418,1490063437355.0,304.0,278875240,319609928
compute,0,417,1490063438661.0,300.0,279122560,311654160
compute,0,416,1490063439963.0,301.0,279384688,309186416
compute,0,415,1490063441266.0,305.0,283116336,322174168
compute,0,414,1490063442572.0,303.0,284541776,317648696
compute,0,413,1490063443876.0,302.0,284644888,309621224
compute,0,412,1490063445179.0,310.0,284692280,336227072
compute,0,411,1490063446490.0,778.0,289358016,318758984
compute,0,410,1490063448270.0,1751.0,325721776,83130168
compute,0,409,1490063451195.0,339.0,129101632,107694104
compute,0,408,1490063452535.0,325.0,134601224,121228656
compute,0,407,1490063453861.0,325.0,134826640,75880920
compute,0,406,1490063455188.0,309.0,143559472,148174016
compute,0,405,1490063456498.0,310.0,135890232,80174992
compute,0,404,1490063457809.0,307.0,148003248,97223664
compute,0,403,1490063459117.0,293.0,164634376,195026576
compute,0,402,1490063460411.0,390.0,143884448,192375520
compute,0,401,1490063461802.0,635.0,202181520,164029352
compute,0,400,1490063463439.0,552.0,207614472,140068992
compute,0,399,1490063464993.0,313.0,207310648,204755688
compute,0,398,1490063466308.0,312.0,191320024,144581320
compute,0,397,1490063467622.0,311.0,212309976,151865744
compute,0,396,1490063468935.0,297.0,219683096,242923208
compute,0,395,1490063470233.0,294.0,193128000,188144280
compute,0,394,1490063471529.0,724.0,255703232,233554336
compute,0,393,1490063473255.0,771.0,240486208,229496088
compute,0,392,1490063475028.0,337.0,297089200,251284320
compute,0,391,1490063476367.0,319.0,319302712,287852552
compute,0,390,1490063477687.0,321.0,289124456,256481824
compute,0,389,1490063479010.0,323.0,323873048,307260096
compute,0,388,1490063480335.0,322.0,317941968,344703832
compute,0,387,1490063481659.0,323.0,349681552,351863200
compute,0,386,1490063482984.0,322.0,350124344,348246640
compute,0,385,1490063484308.0,322.0,350247416,332149976
compute,0,384,1490063485632.0,344.0,359970584,345860000
compute,0,383,1490063486978.0,344.0,382395216,397718584
compute,0,382,1490063488324.0,346.0,398248384,420847272
compute,0,381,1490063489672.0,458.0,398229336,396275792
compute,0,380,1490063491132.0,572.0,441250416,458143048
compute,0,379,1490063492739.0,307.0,414256496,467020264
compute,0,378,1490063494047.0,308.0,414385176,431380544
compute,0,377,1490063496128.0,322.0,65653176,74351128
compute,0,376,1490063497451.0,295.0,141843024,118252568
compute,0,375,1490063498747.0,295.0,185420784,146549088
compute,0,374,1490063500043.0,294.0,214724472,160193792
compute,0,373,1490063501339.0,306.0,128728240,168800520
compute,0,372,1490063502647.0,316.0,177516736,207081664
compute,0,371,1490063503964.0,314.0,216145680,221465040
compute,0,370,1490063505280.0,316.0,216861560,222298984
compute,0,369,1490063506597.0,314.0,217228448,184540104
compute,0,368,1490063507912.0,315.0,251862472,227730040
compute,0,367,1490063509229.0,314.0,218653736,185240744
compute,0,366,1490063510545.0,445.0,251968096,240616112
compute,0,365,1490063511991.0,545.0,286899400,280557744
compute,0,364,1490063513537.0,461.0,293789552,266036448
compute,0,363,1490063515040.0,347.0,239474656,288381192
compute,0,362,1490063516388.0,316.0,262361552,197859040
compute,0,361,1490063517706.0,302.0,265090952,316923776
compute,0,360,1490063519010.0,300.0,263052784,274382432
compute,0,359,1490063520312.0,304.0,263458952,307184368
compute,0,358,1490063521617.0,323.0,303182512,275992176
compute,0,357,1490063522942.0,341.0,306320240,304788960
compute,0,356,1490063524285.0,339.0,336056016,329864360
compute,0,355,1490063525626.0,339.0,342096968,276982328
compute,0,354,1490063526967.0,322.0,344625168,331326232
compute,0,353,1490063528291.0,324.0,342390360,369580216
compute,0,352,1490063529617.0,323.0,373787512,371526688
compute,0,351,1490063530942.0,377.0,374356280,410644344
compute,0,350,1490063532321.0,480.0,374644400,405781936
compute,0,349,1490063533963.0,331.0,76230112,125509728
compute,0,348,1490063535296.0,310.0,130039408,130663520
compute,0,347,1490063536608.0,309.0,130452136,129450608
compute,0,346,1490063537919.0,309.0,130441176,112654072
compute,0,345,1490063539230.0,325.0,136303160,107796752
compute,0,344,1490063540557.0,324.0,175136904,89456328
compute,0,343,1490063541883.0,309.0,157215088,94737552
compute,0,342,1490063543194.0,295.0,162770184,183800800
compute,0,341,1490063544491.0,298.0,157237472,200884640
compute,0,340,1490063545791.0,431.0,180079088,157506184
compute,0,339,1490063547223.0,537.0,204101944,218293888
compute,0,338,1490063548838.0,361.0,197547304,243118456
compute,0,337,1490063550200.0,318.0,198341760,140519512
compute,0,336,1490063551519.0,298.0,208213776,239576256
compute,0,335,1490063552819.0,300.0,199523312,201206216
compute,0,334,1490063554120.0,318.0,206381920,182429192
compute,0,333,1490063555439.0,316.0,249668664,248965432
compute,0,332,1490063556757.0,318.0,250003232,245826704
compute,0,331,1490063558076.0,319.0,264923472,286029616
compute,0,330,1490063559397.0,321.0,287548792,297623088
compute,0,329,1490063560719.0,316.0,288272776,260891048
compute,0,328,1490063562036.0,340.0,287514312,268417344
compute,0,327,1490063563377.0,680.0,335607760,349036840
compute,0,326,1490063565059.0,800.0,368770232,334489840
compute,0,325,1490063568172.0,341.0,76450784,129659680
compute,0,324,1490063569515.0,327.0,142437320,109666344
compute,0,323,1490063570844.0,328.0,142587096,122543128
compute,0,322,1490063572178.0,334.0,169819952,198913256
compute,0,321,1490063573514.0,330.0,191860704,155925448
compute,0,320,1490063574846.0,313.0,223641728,190781080
compute,0,319,1490063576160.0,315.0,192780216,163010728
compute,0,318,1490063577477.0,319.0,230358440,215468688
compute,0,317,1490063578798.0,319.0,226856760,253455360
compute,0,316,1490063580119.0,317.0,257998352,255511648
compute,0,315,1490063581438.0,317.0,258091840,262176712
compute,0,314,1490063582757.0,317.0,258823528,238668752
compute,0,313,1490063584076.0,335.0,257984024,209392576
compute,0,312,1490063585412.0,720.0,276801336,299556272
compute,0,311,1490063587204.0,788.0,350065472,337446280
compute,0,310,1490063589011.0,343.0,357904256,337425448
compute,0,309,1490063590356.0,342.0,358362448,308719616
compute,0,308,1490063591700.0,323.0,376024824,396271352
compute,0,307,1490063593025.0,305.0,361759768,417037576
compute,0,306,1490063594333.0,305.0,362492328,389176848
compute,0,305,1490063595641.0,306.0,362312912,382765720
compute,0,304,1490063597264.0,334.0,66851328,78761696
compute,0,303,1490063598599.0,309.0,146133104,139606568
compute,0,302,1490063599909.0,311.0,131034584,101482584
compute,0,301,1490063601221.0,325.0,168762784,121860432
compute,0,300,1490063602547.0,310.0,189831272,85546864
compute,0,299,1490063603859.0,381.0,153814248,180425232
compute,0,298,1490063605241.0,312.0,139122200,136938160
compute,0,297,1490063606554.0,746.0,204327992,177709696
compute,0,296,1490063608301.0,851.0,189483792,245680144
compute,0,295,1490063610159.0,679.0,231827776,275426400
compute,0,294,1490063611917.0,374.0,299895304,259171016
compute,0,293,1490063613350.0,345.0,304055008,323394080
compute,0,292,1490063614696.0,339.0,328343400,285620368
compute,0,291,1490063616037.0,319.0,353078920,336203872
compute,0,290,1490063617357.0,324.0,330122224,284615544
compute,0,289,1490063618683.0,321.0,352225696,314781672
compute,0,288,1490063620005.0,634.0,382584368,394386224
compute,0,287,1490063621640.0,1634.0,409062544,94005400
compute,0,286,1490063624298.0,718.0,134396960,151381512
compute,0,285,1490063626018.0,327.0,164322120,106742496
compute,0,284,1490063627347.0,309.0,174186688,169462024
compute,0,283,1490063628658.0,308.0,164655752,145983888
compute,0,282,1490063629968.0,311.0,213155720,171370560
compute,0,281,1490063631281.0,315.0,178549040,159288696
compute,0,280,1490063632598.0,314.0,227023184,225756392
compute,0,279,1490063633914.0,314.0,215753992,181923368
compute,0,278,1490063635230.0,561.0,249155360,282949800
compute,0,277,1490063636793.0,317.0,221775392,201170672
compute,0,276,1490063638112.0,696.0,268382736,238276240
compute,0,275,1490063639854.0,319.0,305618696,272950824
compute,0,274,1490063641175.0,319.0,340484128,259659936
compute,0,273,1490063642496.0,303.0,327032056,333971680
compute,0,272,1490063643801.0,303.0,294252752,310631320
compute,0,271,1490063645106.0,322.0,308588736,308152192
compute,0,270,1490063646430.0,322.0,375465976,349794800
compute,0,269,1490063647754.0,324.0,345159488,305616776
compute,0,268,1490063649080.0,409.0,373028208,381098600
compute,0,267,1490063650490.0,584.0,423183296,426508920
compute,0,266,1490063652140.0,308.0,383207200,418190624
compute,0,265,1490063653449.0,307.0,383515136,406676056
compute,0,264,1490063654758.0,307.0,385632280,438838384
compute,0,263,1490063656066.0,308.0,396346840,444588552
compute,0,262,1490063657375.0,307.0,396737760,407487416
compute,0,261,1490063659234.0,320.0,76869088,79957272
compute,0,260,1490063660556.0,292.0,147337624,131262728
compute,0,259,1490063661850.0,294.0,198811600,165180016
compute,0,258,1490063663145.0,297.0,132408080,135038136
compute,0,257,1490063664444.0,312.0,202697328,107356512
compute,0,256,1490063665758.0,295.0,175017904,179037816
compute,0,255,1490063667055.0,315.0,171536112,154709432
compute,0,254,1490063668372.0,502.0,222284632,252169456
compute,0,253,1490063669876.0,711.0,272445808,193917008
compute,0,252,1490063671589.0,320.0,263406784,228661360
compute,0,251,1490063672974.0,326.0,244322512,285099408
compute,0,250,1490063674301.0,318.0,281008584,280293032
compute,0,249,1490063675621.0,321.0,280987392,275985736
compute,0,248,1490063676943.0,319.0,281676384,274014192
compute,0,247,1490063678263.0,340.0,290103112,232069040
compute,0,246,1490063679605.0,320.0,299615136,304983368
compute,0,245,1490063680927.0,332.0,297887872,269203984
compute,0,244,1490063682261.0,322.0,336667656,287474832
compute,0,243,1490063683584.0,486.0,354845272,308614232
compute,0,242,1490063685072.0,690.0,348491416,355595384
compute,0,241,1490063686814.0,566.0,326884536,322851096
compute,0,240,1490063688396.0,343.0,346156144,320294448
compute,0,239,1490063689769.0,1560.0,349909904,139208688
compute,0,238,1490063692350.0,622.0,129699920,114473184
compute,0,237,1490063694007.0,361.0,162326896,129500928
compute,0,236,1490063695370.0,344.0,170248888,111343232
compute,0,235,1490063696716.0,311.0,178888024,213717280
compute,0,234,1490063698029.0,309.0,173817712,116507576
compute,0,233,1490063699340.0,301.0,184117656,208053312
compute,0,232,1490063700643.0,297.0,175070072,184068664
compute,0,231,1490063701942.0,316.0,192934968,180817048
compute,0,230,1490063703259.0,532.0,248261504,251645624
compute,0,229,1490063704929.0,729.0,299891544,298705752
compute,0,228,1490063706659.0,316.0,286041080,310169096
compute,0,227,1490063707977.0,318.0,286465280,230488808
compute,0,226,1490063709296.0,320.0,298045520,219947400
compute,0,225,1490063710617.0,300.0,287688360,301551744
compute,0,224,1490063711918.0,306.0,287810128,324803768
compute,0,223,1490063713225.0,323.0,327307552,309541552
compute,0,222,1490063714549.0,344.0,340969656,341727792
compute,0,221,1490063715895.0,344.0,366396624,339091616
compute,0,220,1490063717240.0,344.0,366684560,348440560
compute,0,219,1490063718585.0,344.0,376416072,358281864
compute,0,218,1490063719931.0,345.0,385048552,359913384
compute,0,217,1490063721278.0,346.0,391203528,386305752
compute,0,216,1490063722626.0,348.0,404103176,352004952
compute,0,215,1490063723975.0,345.0,419673664,432326728
compute,0,214,1490063725322.0,330.0,405046720,351639312
compute,0,213,1490063726653.0,1710.0,418983560,145441744
compute,0,212,1490063729405.0,689.0,138854264,126327696
compute,0,211,1490063731095.0,311.0,193654024,139483784
compute,0,210,1490063732408.0,297.0,207093760,240132536
compute,0,209,1490063733706.0,301.0,184031000,178231360
compute,0,208,1490063735008.0,295.0,246123320,230362472
compute,0,207,1490063736305.0,298.0,184107608,171318104
compute,0,206,1490063737605.0,751.0,239137032,230072048
compute,0,205,1490063739358.0,753.0,236701648,278496960
compute,0,204,1490063741113.0,335.0,262960008,200205128
compute,0,203,1490063742450.0,318.0,268061568,238625552
compute,0,202,1490063743770.0,319.0,306176944,219269720
compute,0,201,1490063745091.0,301.0,287670512,295818584
compute,0,200,1490063746394.0,301.0,265096744,274484456
compute,0,199,1490063747697.0,458.0,341831008,319040672
compute,0,198,1490063749157.0,747.0,324052192,346440592
compute,0,197,1490063751059.0,387.0,318202448,298865168
compute,0,196,1490063752448.0,324.0,366109000,346024984
compute,0,195,1490063753774.0,326.0,346628576,343732248
compute,0,194,1490063755101.0,327.0,366977192,397266864
compute,0,193,1490063756430.0,326.0,393081552,412979720
compute,0,192,1490063757758.0,327.0,393517712,347814576
compute,0,191,1490063759086.0,326.0,415400344,357485056
compute,0,190,1490063760414.0,1567.0,424831432,101656216
compute,0,189,1490063762983.0,647.0,117769128,231006136
compute,0,188,1490063764675.0,546.0,117761712,113837280
compute,0,187,1490063766223.0,311.0,181107648,143433360
compute,0,186,1490063767535.0,312.0,210631944,134024200
compute,0,185,1490063768848.0,295.0,202025792,214618384
compute,0,184,1490063770144.0,296.0,162033728,148467336
compute,0,183,1490063771442.0,652.0,216062128,173253864
compute,0,182,1490063773095.0,753.0,183621896,229926544
compute,0,181,1490063775058.0,370.0,250998336,236862472
compute,0,180,1490063776430.0,333.0,255914120,210469520
compute,0,179,1490063777765.0,320.0,277753176,290656368
compute,0,178,1490063779087.0,301.0,257222912,304890008
compute,0,177,1490063780389.0,301.0,257323464,268439072
compute,0,176,1490063781691.0,322.0,257091928,225124960
compute,0,175,1490063783015.0,410.0,292389160,294369144
compute,0,174,1490063784426.0,635.0,307052048,299076912
compute,0,173,1490063786066.0,554.0,340772104,289055528
compute,0,172,1490063787754.0,347.0,327723600,353769064
compute,0,171,1490063789103.0,324.0,356037216,389967960
compute,0,170,1490063790428.0,324.0,356358280,316591968
compute,0,169,1490063791754.0,323.0,384335112,289990824
compute,0,168,1490063793079.0,310.0,357128608,365448304
compute,0,167,1490063794391.0,722.0,429192304,371053016
compute,0,166,1490063796115.0,1420.0,380453320,79594360
compute,0,165,1490063798537.0,326.0,146829280,62711416
compute,0,164,1490063799865.0,309.0,130044008,82569016
compute,0,163,1490063801176.0,292.0,150775616,183172256
compute,0,162,1490063802470.0,295.0,125002984,117284552
compute,0,161,1490063803767.0,384.0,184703112,190709768
compute,0,160,1490063805153.0,306.0,125122240,134590000
compute,0,159,1490063806461.0,673.0,195784432,218886936
compute,0,158,1490063808135.0,849.0,226028888,250558880
compute,0,157,1490063809986.0,334.0,239380752,181023928
compute,0,156,1490063811321.0,317.0,248944960,214820952
compute,0,155,1490063812639.0,317.0,282776064,189065728
compute,0,154,1490063813957.0,299.0,257000520,256813416
compute,0,153,1490063815257.0,303.0,240323552,309024072
compute,0,152,1490063816561.0,320.0,282749072,215927056
compute,0,151,1490063817883.0,646.0,283271528,305340560
compute,0,150,1490063819530.0,831.0,318183152,302544104
compute,0,149,1490063821362.0,345.0,370072800,304222784
compute,0,148,1490063822709.0,325.0,371692696,332521328
compute,0,147,1490063824036.0,325.0,399916344,301608296
compute,0,146,1490063825362.0,420.0,369627360,438584920
compute,0,145,1490063826811.0,451.0,308149696,337282752
compute,0,144,1490063828264.0,307.0,404970448,364985352
compute,0,143,1490063829573.0,306.0,432753328,380138432
compute,0,142,1490063830881.0,307.0,448254024,385045248
compute,0,141,1490063832189.0,306.0,452597800,375422248
compute,0,140,1490063833496.0,478.0,443359440,417587992
compute,0,139,1490063834976.0,948.0,456665880,167019720
compute,0,138,1490063836927.0,651.0,43482096,70530400
compute,0,137,1490063838580.0,310.0,137897464,93341408
compute,0,136,1490063839892.0,311.0,161291328,74166224
compute,0,135,1490063841205.0,295.0,141761536,156336264
compute,0,134,1490063842501.0,296.0,136478872,166551504
compute,0,133,1490063843799.0,316.0,171444256,158728640
compute,0,132,1490063845117.0,331.0,192792536,202664424
compute,0,131,1490063846450.0,332.0,217750928,163865464
compute,0,130,1490063847784.0,315.0,231505056,228904408
compute,0,129,1490063849100.0,317.0,218933144,182340104
compute,0,128,1490063850419.0,323.0,248663176,195359480
compute,0,127,1490063851744.0,748.0,261372184,273411184
compute,0,126,1490063853545.0,756.0,249257408,324390144
compute,0,125,1490063855303.0,319.0,327510624,344032504
compute,0,124,1490063856624.0,322.0,327556096,298184360
compute,0,123,1490063857948.0,319.0,366042912,309943088
compute,0,122,1490063859268.0,321.0,377516632,271890320
compute,0,121,1490063860590.0,318.0,340114456,342649648
compute,0,120,1490063861909.0,312.0,401671744,375840144
compute,0,119,1490063863222.0,398.0,329134000,394062568
compute,0,118,1490063864621.0,713.0,407154936,412520288
compute,0,117,1490063866340.0,1655.0,357297104,115751360
compute,0,116,1490063868996.0,326.0,138857024,117444344
compute,0,115,1490063870323.0,326.0,138867264,98276664
compute,0,114,1490063871669.0,331.0,140687688,175655024
compute,0,113,1490063873001.0,329.0,168193928,103471696
compute,0,112,1490063874332.0,313.0,170883656,125011616
compute,0,111,1490063875647.0,293.0,192727152,220930488
compute,0,110,1490063876941.0,409.0,169389096,228011416
compute,0,109,1490063878357.0,447.0,144751392,157164224
compute,0,108,1490063879805.0,296.0,224416896,208179168
compute,0,107,1490063881103.0,300.0,170284528,191726112
compute,0,106,1490063882405.0,317.0,195030448,210508616
compute,0,105,1490063883723.0,319.0,235074816,269850120
compute,0,104,1490063885044.0,317.0,256614736,293839792
compute,0,103,1490063886363.0,320.0,257085744,204137000
compute,0,102,1490063887684.0,304.0,271472224,299456600
compute,0,101,1490063888990.0,302.0,258222568,257978480
compute,0,100,1490063890294.0,526.0,325567840,277683680
compute,0,99,1490063891822.0,705.0,310644640,333605512
compute,0,98,1490063893531.0,487.0,261601920,268645704
compute,0,97,1490063895020.0,321.0,336063008,267725768
compute,0,96,1490063896343.0,303.0,334913160,362085920
compute,0,95,1490063897648.0,304.0,327973776,341617400
compute,0,94,1490063898954.0,325.0,342031976,313481504
compute,0,93,1490063900281.0,324.0,381003032,369804296
compute,0,92,1490063901607.0,326.0,373196560,378530936
compute,0,91,1490063903279.0,337.0,76441976,125899064
compute,0,90,1490063904618.0,309.0,127581448,138730064
compute,0,89,1490063905929.0,310.0,128018840,102584672
compute,0,88,1490063907241.0,329.0,127765832,101014592
compute,0,87,1490063908572.0,310.0,168379320,189815680
compute,0,86,1490063909884.0,310.0,160575888,93224312
compute,0,85,1490063911197.0,296.0,160449104,185686992
compute,0,84,1490063912494.0,297.0,160279688,205659400
compute,0,83,1490063913792.0,615.0,181401392,228154560
compute,0,82,1490063915477.0,505.0,253012048,224416600
compute,0,81,1490063916983.0,314.0,205314568,201604352
compute,0,80,1490063918299.0,323.0,205523808,186233432
compute,0,79,1490063919623.0,315.0,253602784,244874688
compute,0,78,1490063920939.0,316.0,225664824,165719376
compute,0,77,1490063922256.0,299.0,233212232,280224888
compute,0,76,1490063923556.0,362.0,226846992,271280384
compute,0,75,1490063924920.0,319.0,225773624,212162432
compute,0,74,1490063926240.0,635.0,279499984,332014264
compute,0,73,1490063927884.0,529.0,263431896,243656408
compute,0,72,1490063929415.0,302.0,310890040,350286160
compute,0,71,1490063930719.0,299.0,306766944,311417416
compute,0,70,1490063932020.0,304.0,307667520,364492832
compute,0,69,1490063933325.0,339.0,342127424,307276360
compute,0,68,1490063934666.0,320.0,374482720,308746280
compute,0,67,1490063935987.0,306.0,376583392,400775752
compute,0,66,1490063937295.0,335.0,343894856,349321032
compute,0,65,1490063938631.0,303.0,397972544,386813544
compute,0,64,1490063939936.0,304.0,386813544,360329848
compute,0,63,1490063941242.0,303.0,360329848,314454000
compute,0,62,1490063942546.0,285.0,314454000,413460296
compute,0,61,1490063943833.0,302.0,413460296,346360920
compute,0,60,1490063945137.0,285.0,346360920,437115848
compute,0,59,1490063946424.0,302.0,437115848,351837560
compute,0,58,1490063947728.0,284.0,351837560,430301976
compute,0,57,1490063949014.0,302.0,430301976,336360152
compute,0,56,1490063950318.0,283.0,336360152,412723720
compute,0,55,1490063951603.0,306.0,412723720,309586824
compute,0,54,1490063952911.0,285.0,309586824,376246920
compute,0,53,1490063954198.0,284.0,376246920,446155400
compute,0,52,1490063955484.0,305.0,446155400,334906840
compute,0,51,1490063956791.0,285.0,334906840,402501848
compute,0,50,1490063958078.0,304.0,402501848,286045216
compute,0,49,1490063959384.0,284.0,286045216,349775216
compute,0,48,1490063960671.0,288.0,349775216,413471728
compute,0,47,1490063961961.0,303.0,413471728,300687280
compute,0,46,1490063963266.0,287.0,300687280,361231624
compute,0,45,1490063964554.0,290.0,361231624,421743432
compute,0,44,1490063965846.0,305.0,421743432,304586144
compute,0,43,1490063967152.0,284.0,304586144,365130424
compute,0,42,1490063968438.0,284.0,365130424,425641632
compute,0,41,1490063969723.0,304.0,425641632,312072320
compute,0,40,1490063971028.0,287.0,312072320,372583920
compute,0,39,1490063972316.0,285.0,372583920,433095688
compute,0,38,1490063973604.0,303.0,433095688,315930000
compute,0,37,1490063974908.0,287.0,315930000,376466536
compute,0,36,1490063976196.0,286.0,376466536,436969848
compute,0,35,1490063977483.0,305.0,436969848,319804256
compute,0,34,1490063978789.0,286.0,319804256,383894816
compute,0,33,1490063980077.0,285.0,383894816,444398912
compute,0,32,1490063981363.0,305.0,444398912,327233232
compute,0,31,1490063982669.0,287.0,327233232,387801920
compute,0,30,1490063983957.0,285.0,387801920,448264488
compute,0,29,1490063985243.0,303.0,448264488,331091048
compute,0,28,1490063986547.0,286.0,331091048,395173464
compute,0,27,1490063987835.0,284.0,395173464,455668088
compute,0,26,1490063989121.0,303.0,455668088,338495464
compute,0,25,1490063990425.0,285.0,338495464,399023576
compute,0,24,1490063991712.0,301.0,399023576,281882376
compute,0,23,1490063993015.0,285.0,281882376,342434784
compute,0,22,1490063994302.0,285.0,342434784,402962824
compute,0,21,1490063995589.0,304.0,402962824,289368648
compute,0,20,1490063996894.0,288.0,289368648,349921024
compute,0,19,1490063998183.0,285.0,349921024,410440688
compute,0,18,1490063999469.0,304.0,410440688,293291848
compute,0,17,1490064000775.0,285.0,293291848,353844376
compute,0,16,1490064002062.0,287.0,353844376,414364248
compute,0,15,1490064003351.0,303.0,414364248,300761720
compute,0,14,1490064004656.0,285.0,300761720,361306104
compute,0,13,1490064005943.0,285.0,361306104,421825616
compute,0,12,1490064007230.0,305.0,421825616,304668688
compute,0,11,1490064008537.0,282.0,304668688,365213096
compute,0,10,1490064009821.0,285.0,365213096,425725000
compute,0,9,1490064011108.0,304.0,425725000,308567552
compute,0,8,1490064012414.0,283.0,308567552,372666784
compute,0,7,1490064013699.0,281.0,372666784,433178312
compute,0,6,1490064014982.0,303.0,433178312,316020824
compute,0,5,1490064016286.0,288.0,316020824,376565048
compute,0,4,1490064017575.0,287.0,376565048,437068144
compute,0,3,1490064018863.0,303.0,437068144,319903184
compute,0,2,1490064020167.0,285.0,319903184,383993984
compute,0,1,1490064021453.0,283.0,383993984,444497576
