gc,0,1000,1490062643535.0,373.0,302015304,240679536
gc,0,999,1490062644910.0,111.0,239486992,305762104
gc,0,998,1490062646024.0,109.0,295685664,362200224
gc,0,997,1490062647135.0,258.0,340209456,285136000
gc,0,996,1490062648395.0,111.0,282991296,349834944
gc,0,995,1490062649508.0,117.0,280990592,347241632
gc,0,994,1490062650627.0,113.0,271326744,337757504
gc,0,993,1490062651742.0,116.0,313645376,380646320
gc,0,992,1490062652860.0,353.0,342191968,299807280
gc,0,991,1490062654215.0,112.0,326387536,393064048
gc,0,990,1490062655329.0,111.0,279825328,346823600
gc,0,989,1490062656442.0,110.0,343858856,410953136
gc,0,988,1490062657554.0,111.0,351767592,418019448
gc,0,987,1490062658667.0,110.0,308582024,375596024
gc,0,986,1490062659779.0,112.0,331479208,398502584
gc,0,985,1490062660893.0,111.0,340910072,407104496
gc,0,984,1490062662006.0,112.0,336757808,402610448
gc,0,983,1490062663120.0,119.0,323075696,390175088
gc,0,982,1490062664251.0,110.0,270873360,337654032
gc,0,981,1490062665363.0,112.0,370730392,436576024
gc,0,980,1490062666476.0,114.0,346414064,412256624
gc,0,979,1490062667591.0,113.0,315108056,381786472
gc,0,978,1490062668706.0,112.0,277783336,344800048
gc,0,977,1490062669820.0,285.0,415169048,337270328
gc,0,976,1490062671106.0,1353.0,404559800,75162296
gc,0,975,1490062673460.0,113.0,96751936,163872096
gc,0,974,1490062674574.0,113.0,95172776,161853096
gc,0,973,1490062675689.0,112.0,66728288,133525672
gc,0,972,1490062676803.0,374.0,140632744,125686648
gc,0,971,1490062678179.0,140.0,205649312,167669208
gc,0,970,1490062679321.0,112.0,115685920,181974296
gc,0,969,1490062680434.0,212.0,214064192,168587184
gc,0,968,1490062681663.0,111.0,101730560,168813576
gc,0,967,1490062682776.0,110.0,114367472,180902400
gc,0,966,1490062683888.0,364.0,186927360,168878992
gc,0,965,1490062685254.0,170.0,241436752,208233752
gc,0,964,1490062686426.0,128.0,261668280,208297176
gc,0,963,1490062687555.0,261.0,242057048,208632216
gc,0,962,1490062688818.0,256.0,244762784,220253528
gc,0,961,1490062690092.0,116.0,158495312,225213504
gc,0,960,1490062691210.0,159.0,277003328,225335976
gc,0,959,1490062692371.0,367.0,237452088,225913312
gc,0,958,1490062693740.0,119.0,205113016,272059016
gc,0,957,1490062694860.0,172.0,304835008,263424200
gc,0,956,1490062696034.0,227.0,296192800,263853560
gc,0,955,1490062697263.0,192.0,299519792,263552952
gc,0,954,1490062698457.0,203.0,302162920,264102296
gc,0,953,1490062699662.0,239.0,294612576,264274520
gc,0,952,1490062700903.0,235.0,294912568,266641760
gc,0,951,1490062702140.0,179.0,305425192,266466744
gc,0,950,1490062703321.0,184.0,311270216,266962744
gc,0,949,1490062704508.0,286.0,292120048,266707320
gc,0,948,1490062705796.0,250.0,303474072,282568152
gc,0,947,1490062707048.0,1200.0,277449600,75411536
gc,0,946,1490062709251.0,290.0,133296432,126481352
gc,0,945,1490062710544.0,204.0,127951736,130375160
gc,0,944,1490062711750.0,160.0,156360336,130458808
gc,0,943,1490062712912.0,111.0,111655464,178262416
gc,0,942,1490062714026.0,113.0,105752328,172052744
gc,0,941,1490062715140.0,181.0,191577160,130895240
gc,0,940,1490062716323.0,374.0,148381552,131800712
gc,0,939,1490062717698.0,113.0,115354520,182462080
gc,0,938,1490062718812.0,358.0,166926816,172346376
gc,0,937,1490062720171.0,293.0,190960928,194940088
gc,0,936,1490062721465.0,254.0,195364600,197176336
gc,0,935,1490062722720.0,226.0,208862144,197056776
gc,0,934,1490062723947.0,360.0,179617728,197849288
gc,0,933,1490062725308.0,133.0,247126248,221738152
gc,0,932,1490062726443.0,294.0,227257448,221671288
gc,0,931,1490062727738.0,410.0,211086272,232736456
gc,0,930,1490062729149.0,201.0,264512624,264690952
gc,0,929,1490062730352.0,191.0,289231408,264967992
gc,0,928,1490062731545.0,113.0,228659152,295034192
gc,0,927,1490062732659.0,111.0,203771608,270002648
gc,0,926,1490062733771.0,943.0,289240400,76754304
gc,0,925,1490062735716.0,172.0,151082032,112990120
gc,0,924,1490062736890.0,199.0,154012944,113289696
gc,0,923,1490062738090.0,277.0,138633608,113699472
gc,0,922,1490062739369.0,160.0,165910600,124924264
gc,0,921,1490062740531.0,198.0,168523432,125487776
gc,0,920,1490062741731.0,299.0,147325424,125464360
gc,0,919,1490062743031.0,139.0,185451960,142727144
gc,0,918,1490062744171.0,148.0,195945784,143011880
gc,0,917,1490062745365.0,360.0,157727776,143487368
gc,0,916,1490062746727.0,126.0,218076232,176290208
gc,0,915,1490062747882.0,320.0,190211056,190846208
gc,0,914,1490062749204.0,585.0,197805536,235837696
gc,0,913,1490062750820.0,130.0,270660680,233517160
gc,0,912,1490062751952.0,112.0,210265496,276868824
gc,0,911,1490062753066.0,111.0,205836480,272847552
gc,0,910,1490062754179.0,184.0,293900368,234100864
gc,0,909,1490062755365.0,111.0,221795512,288352360
gc,0,908,1490062756534.0,258.0,275356368,234314152
gc,0,907,1490062757802.0,241.0,284084560,320767768
gc,0,906,1490062759134.0,300.0,282187200,262381040
gc,0,905,1490062760472.0,1136.0,285429752,75244808
gc,0,904,1490062762610.0,397.0,73596376,153539304
gc,0,903,1490062764009.0,111.0,92558264,159477368
gc,0,902,1490062765122.0,223.0,165240360,140989192
gc,0,901,1490062766347.0,110.0,83082816,149491448
gc,0,900,1490062767458.0,111.0,86779784,153504024
gc,0,899,1490062768571.0,270.0,180653160,142201032
gc,0,898,1490062769842.0,415.0,152592056,158112824
gc,0,897,1490062771259.0,117.0,145089520,211950384
gc,0,896,1490062772422.0,227.0,221887144,201233944
gc,0,895,1490062773733.0,112.0,150638496,217058696
gc,0,894,1490062774861.0,131.0,154445312,220590784
gc,0,893,1490062775994.0,363.0,212871552,204029464
gc,0,892,1490062777359.0,199.0,258424432,235659152
gc,0,891,1490062778560.0,113.0,196842848,263757344
gc,0,890,1490062779674.0,111.0,204798296,271902368
gc,0,889,1490062780787.0,153.0,300783912,236670008
gc,0,888,1490062781942.0,111.0,228373752,294563064
gc,0,887,1490062783146.0,392.0,200174176,241129064
gc,0,886,1490062784569.0,479.0,333787488,124867208
gc,0,885,1490062786050.0,111.0,37180616,103645896
gc,0,884,1490062787162.0,173.0,136228344,82932472
gc,0,883,1490062788337.0,416.0,85403520,83105752
gc,0,882,1490062789755.0,112.0,92369184,159296448
gc,0,881,1490062790869.0,293.0,144199928,131022480
gc,0,880,1490062792164.0,115.0,84328984,151117752
gc,0,879,1490062793280.0,113.0,112908368,179185232
gc,0,878,1490062794394.0,114.0,84612768,151111232
gc,0,877,1490062795613.0,111.0,153826640,220360400
gc,0,876,1490062796732.0,378.0,105548936,223210936
gc,0,875,1490062798112.0,110.0,135227384,201919512
gc,0,874,1490062799224.0,182.0,218950984,162867360
gc,0,873,1490062800408.0,111.0,156855808,223796608
gc,0,872,1490062801521.0,219.0,221116880,163869168
gc,0,871,1490062802742.0,111.0,144964808,211370944
gc,0,870,1490062803855.0,300.0,208207032,170570624
gc,0,869,1490062805157.0,335.0,204186008,195484784
gc,0,868,1490062806494.0,111.0,181956648,248965128
gc,0,867,1490062807614.0,1363.0,217518544,77862168
gc,0,866,1490062809979.0,112.0,85815448,152850456
gc,0,865,1490062811093.0,245.0,152617336,134499536
gc,0,864,1490062812340.0,112.0,83594000,150221176
gc,0,863,1490062813454.0,111.0,83220384,149521808
gc,0,862,1490062814567.0,296.0,167975280,134663144
gc,0,861,1490062815865.0,278.0,173606952,155220144
gc,0,860,1490062817146.0,110.0,110896072,177310504
gc,0,859,1490062818263.0,562.0,127211472,167095128
gc,0,858,1490062819826.0,441.0,233478192,198590512
gc,0,857,1490062821268.0,112.0,193748088,260587848
gc,0,856,1490062822381.0,304.0,231944264,222961336
gc,0,855,1490062823686.0,112.0,202752696,269242536
gc,0,854,1490062824799.0,404.0,231853816,238177256
gc,0,853,1490062826204.0,111.0,230182200,297006984
gc,0,852,1490062827316.0,187.0,306550712,277316232
gc,0,851,1490062828505.0,128.0,328655376,277698928
gc,0,850,1490062829656.0,320.0,263482800,283879416
gc,0,849,1490062830988.0,980.0,265631216,81439568
gc,0,848,1490062832970.0,314.0,101414720,103528464
gc,0,847,1490062834285.0,362.0,90623408,117093336
gc,0,846,1490062835648.0,369.0,103693568,173569192
gc,0,845,1490062837018.0,211.0,141665752,146762144
gc,0,844,1490062838231.0,170.0,169556816,146627744
gc,0,843,1490062839402.0,111.0,124886736,191403648
gc,0,842,1490062840515.0,109.0,125915056,192626192
gc,0,841,1490062841626.0,149.0,215028832,147779040
gc,0,840,1490062842840.0,111.0,132359312,199057920
gc,0,839,1490062844003.0,313.0,112489672,207382624
gc,0,838,1490062845318.0,110.0,91730720,158193632
gc,0,837,1490062846430.0,111.0,143240664,210260440
gc,0,836,1490062847543.0,369.0,185511344,156160536
gc,0,835,1490062848913.0,111.0,174637592,241370072
gc,0,834,1490062850026.0,111.0,171317800,238292512
gc,0,833,1490062851139.0,177.0,259990128,201280096
gc,0,832,1490062852318.0,111.0,194026680,260237160
gc,0,831,1490062853434.0,401.0,265958256,201904896
gc,0,830,1490062854888.0,185.0,283103256,256129408
gc,0,829,1490062856078.0,707.0,242699936,236694344
gc,0,828,1490062857815.0,1606.0,281512912,78185800
gc,0,827,1490062860423.0,594.0,115096208,192548328
gc,0,826,1490062862019.0,328.0,149173928,175701296
gc,0,825,1490062863350.0,258.0,166208664,179931008
gc,0,824,1490062864611.0,111.0,129610304,196680760
gc,0,823,1490062865724.0,226.0,202519296,180684128
gc,0,822,1490062866952.0,111.0,125217848,191911272
gc,0,821,1490062868065.0,130.0,240910312,180242464
gc,0,820,1490062869253.0,427.0,159842952,180944200
gc,0,819,1490062870681.0,111.0,165741056,232324608
gc,0,818,1490062871882.0,153.0,278057768,261220208
gc,0,817,1490062873049.0,597.0,248285144,266329192
gc,0,816,1490062874647.0,138.0,311830560,267245912
gc,0,815,1490062875786.0,112.0,205391800,272475728
gc,0,814,1490062876899.0,269.0,303656088,268057808
gc,0,813,1490062878169.0,358.0,286090128,282373088
gc,0,812,1490062879529.0,111.0,251023168,318071168
gc,0,811,1490062880642.0,1329.0,303775744,141365096
gc,0,810,1490062882973.0,279.0,126846664,131033136
gc,0,809,1490062884254.0,250.0,132223904,132612056
gc,0,808,1490062885505.0,241.0,142014744,132376560
gc,0,807,1490062886748.0,361.0,114370992,132703256
gc,0,806,1490062888111.0,111.0,91999408,158788816
gc,0,805,1490062889223.0,257.0,168728120,155312944
gc,0,804,1490062890482.0,111.0,120658320,187320240
gc,0,803,1490062891595.0,111.0,131790608,198417760
gc,0,802,1490062892732.0,158.0,190731032,160473776
gc,0,801,1490062893994.0,441.0,176707720,269514576
gc,0,800,1490062895441.0,360.0,162292544,201403528
gc,0,799,1490062896897.0,350.0,186641288,211653112
gc,0,798,1490062898249.0,119.0,177112176,244163632
gc,0,797,1490062899370.0,112.0,181229872,247525552
gc,0,796,1490062900484.0,111.0,207435440,274281120
gc,0,795,1490062901597.0,110.0,172603392,239692032
gc,0,794,1490062902709.0,112.0,191567496,257399016
gc,0,793,1490062903823.0,131.0,305411280,226272336
gc,0,792,1490062904956.0,111.0,195795992,262257496
gc,0,791,1490062906069.0,109.0,209032488,275695704
gc,0,790,1490062907180.0,110.0,211040416,277685176
gc,0,789,1490062908292.0,111.0,202973592,269611992
gc,0,788,1490062909447.0,116.0,179359760,252314824
gc,0,787,1490062910600.0,294.0,245202976,327191264
gc,0,786,1490062911896.0,112.0,250016872,316945768
gc,0,785,1490062913010.0,113.0,252082432,318959872
gc,0,784,1490062914125.0,112.0,246859160,313300920
gc,0,783,1490062915239.0,112.0,233668864,299720096
gc,0,782,1490062916353.0,113.0,215952992,282052664
gc,0,781,1490062917508.0,112.0,191709136,257779136
gc,0,780,1490062918631.0,334.0,263830784,351540432
gc,0,779,1490062919967.0,109.0,270449952,337501056
gc,0,778,1490062921078.0,1537.0,291025040,75888400
gc,0,777,1490062923617.0,117.0,102170768,169258280
gc,0,776,1490062924736.0,111.0,98492512,164828664
gc,0,775,1490062925848.0,190.0,188831960,136323976
gc,0,774,1490062927039.0,112.0,134414200,200754264
gc,0,773,1490062928152.0,172.0,203011560,136763312
gc,0,772,1490062929325.0,112.0,112550080,179562328
gc,0,771,1490062930553.0,439.0,92039912,136946976
gc,0,770,1490062931994.0,225.0,208481864,186766224
gc,0,769,1490062933245.0,118.0,135843056,202581488
gc,0,768,1490062934375.0,646.0,225244576,262718256
gc,0,767,1490062936023.0,684.0,264063176,217740456
gc,0,766,1490062937709.0,504.0,258107904,327003256
gc,0,765,1490062939373.0,164.0,289880104,288389840
gc,0,764,1490062940538.0,130.0,327357168,288915888
gc,0,763,1490062941670.0,111.0,255806728,322727608
gc,0,762,1490062942783.0,114.0,235331368,301371096
gc,0,761,1490062943899.0,381.0,309574432,290037904
gc,0,760,1490062945281.0,1314.0,323378816,77307432
gc,0,759,1490062947596.0,330.0,108619416,132062376
gc,0,758,1490062948928.0,341.0,111586160,141454416
gc,0,757,1490062950270.0,260.0,137826056,152471608
gc,0,756,1490062951532.0,112.0,100636992,167751488
gc,0,755,1490062952646.0,260.0,167811216,153275016
gc,0,754,1490062953908.0,113.0,114457672,181084312
gc,0,753,1490062955022.0,114.0,119940904,186902680
gc,0,752,1490062956156.0,205.0,208923696,156876624
gc,0,751,1490062957453.0,112.0,155364592,221940208
gc,0,750,1490062958571.0,552.0,153127000,179771424
gc,0,749,1490062960125.0,509.0,223200184,232709072
gc,0,748,1490062961636.0,111.0,201684520,268795240
gc,0,747,1490062962748.0,111.0,224400112,291148504
gc,0,746,1490062963861.0,110.0,205050776,271889240
gc,0,745,1490062964973.0,262.0,279283376,236006032
gc,0,744,1490062966237.0,374.0,255245928,250819920
gc,0,743,1490062967613.0,110.0,252444024,319453024
gc,0,742,1490062968731.0,313.0,296818096,287342624
gc,0,741,1490062970049.0,117.0,246067792,312540352
gc,0,740,1490062971177.0,475.0,284789472,388578192
gc,0,739,1490062972659.0,1135.0,292329144,107491104
gc,0,738,1490062974795.0,429.0,117145728,144570960
gc,0,737,1490062976225.0,308.0,127685720,133875864
gc,0,736,1490062977534.0,221.0,151375960,141343152
gc,0,735,1490062978756.0,335.0,129304712,141606280
gc,0,734,1490062980093.0,182.0,176203048,158862936
gc,0,733,1490062981276.0,353.0,149561416,159043488
gc,0,732,1490062982631.0,227.0,189338384,181634640
gc,0,731,1490062983859.0,288.0,177858440,182019160
gc,0,730,1490062985148.0,269.0,189152512,187940384
gc,0,729,1490062986419.0,317.0,175906512,189066160
gc,0,728,1490062987737.0,136.0,225662152,198515248
gc,0,727,1490062988875.0,339.0,195338512,199063024
gc,0,726,1490062990216.0,320.0,212819376,221273048
gc,0,725,1490062991537.0,232.0,229855656,230787432
gc,0,724,1490062992771.0,248.0,240260696,231245192
gc,0,723,1490062994021.0,366.0,210944112,231193904
gc,0,722,1490062995388.0,112.0,195901512,262723488
gc,0,721,1490062996579.0,220.0,276407944,255927848
gc,0,720,1490062997800.0,222.0,297201808,278023120
gc,0,719,1490062999040.0,309.0,301368144,296766904
gc,0,718,1490063000351.0,409.0,271479184,327588256
gc,0,717,1490063001761.0,177.0,324981400,299859704
gc,0,716,1490063002940.0,110.0,267793864,334770976
gc,0,715,1490063004052.0,110.0,267033024,334025144
gc,0,714,1490063005164.0,183.0,359142440,300777776
gc,0,713,1490063006349.0,112.0,292633344,359095800
gc,0,712,1490063007519.0,292.0,260583288,301117424
gc,0,711,1490063008915.0,115.0,290461336,364944328
gc,0,710,1490063010081.0,277.0,245435928,354231416
gc,0,709,1490063011360.0,1490.0,289385664,75450048
gc,0,708,1490063014011.0,729.0,160262736,140497280
gc,0,707,1490063015742.0,113.0,137086928,204133976
gc,0,706,1490063016857.0,113.0,161042296,227406592
gc,0,705,1490063017972.0,325.0,207807872,200182712
gc,0,704,1490063019299.0,111.0,162035360,228792240
gc,0,703,1490063020412.0,111.0,199050608,265749464
gc,0,702,1490063021532.0,110.0,177394872,244306808
gc,0,701,1490063022654.0,315.0,286327656,253882448
gc,0,700,1490063023971.0,437.0,184290352,290251664
gc,0,699,1490063025547.0,367.0,260886736,287539624
gc,0,698,1490063026916.0,113.0,231716208,298627824
gc,0,697,1490063028030.0,238.0,312705624,297280024
gc,0,696,1490063029269.0,112.0,256899600,323755920
gc,0,695,1490063030382.0,112.0,262691312,329339128
gc,0,694,1490063031510.0,194.0,351799360,298120160
gc,0,693,1490063032707.0,285.0,278641264,374052784
gc,0,692,1490063034053.0,548.0,270913616,298165000
gc,0,691,1490063035603.0,1517.0,362007368,111210376
gc,0,690,1490063038121.0,111.0,82409128,149470136
gc,0,689,1490063039234.0,342.0,121177208,138335360
gc,0,688,1490063040578.0,112.0,94329920,160830680
gc,0,687,1490063041691.0,278.0,165872944,155553576
gc,0,686,1490063042971.0,111.0,129898520,196597152
gc,0,685,1490063044083.0,112.0,148411888,214489480
gc,0,684,1490063045280.0,111.0,112407272,179240072
gc,0,683,1490063046435.0,266.0,106807088,206663704
gc,0,682,1490063047702.0,466.0,249408424,247970304
gc,0,681,1490063049310.0,226.0,232932640,253138408
gc,0,680,1490063050538.0,111.0,178744792,245763224
gc,0,679,1490063051651.0,111.0,194862992,261407144
gc,0,678,1490063052764.0,111.0,161239592,227991592
gc,0,677,1490063053876.0,407.0,224095976,212596040
gc,0,676,1490063055285.0,131.0,301183280,262585840
gc,0,675,1490063056418.0,112.0,217522464,283998120
gc,0,674,1490063057543.0,268.0,221171432,334346384
gc,0,673,1490063058813.0,406.0,254583640,283604576
gc,0,672,1490063060411.0,266.0,309873624,330479600
gc,0,671,1490063061679.0,294.0,297705760,305474560
gc,0,670,1490063062975.0,216.0,322826528,310642568
gc,0,669,1490063064193.0,352.0,297368072,311102680
gc,0,668,1490063065547.0,168.0,351933264,331556888
gc,0,667,1490063066717.0,358.0,323790816,332158336
gc,0,666,1490063068077.0,232.0,363767752,357400000
gc,0,665,1490063069311.0,277.0,354175904,357832264
gc,0,664,1490063070590.0,286.0,360257784,360399048
gc,0,663,1490063071878.0,1262.0,347689944,138844064
gc,0,662,1490063074142.0,112.0,66444736,133479808
gc,0,661,1490063075257.0,228.0,143041056,124762384
gc,0,660,1490063076487.0,109.0,78197496,145091576
gc,0,659,1490063077597.0,110.0,75849888,142177216
gc,0,658,1490063078709.0,278.0,160602560,125035072
gc,0,657,1490063079988.0,304.0,158208400,143060944
gc,0,656,1490063081294.0,113.0,109032168,175654632
gc,0,655,1490063082410.0,216.0,98100664,191608184
gc,0,654,1490063083642.0,532.0,112455672,210633592
gc,0,653,1490063085181.0,613.0,129942536,241879632
gc,0,652,1490063086813.0,111.0,177052624,244057824
gc,0,651,1490063087925.0,173.0,274965512,244365536
gc,0,650,1490063089100.0,111.0,193640000,260081232
gc,0,649,1490063090213.0,165.0,302789176,244632944
gc,0,648,1490063091379.0,112.0,247007448,313715328
gc,0,647,1490063092493.0,205.0,306679920,245238984
gc,0,646,1490063093771.0,116.0,216905208,291029560
gc,0,645,1490063094893.0,618.0,307479160,298393224
gc,0,644,1490063096513.0,380.0,264112352,280281824
gc,0,643,1490063097894.0,115.0,257317352,324270392
gc,0,642,1490063099011.0,117.0,258171696,325242336
gc,0,641,1490063100130.0,111.0,281738184,348474840
gc,0,640,1490063101243.0,111.0,247243416,314298648
gc,0,639,1490063102367.0,285.0,289340944,385862152
gc,0,638,1490063103690.0,1450.0,257090272,168819952
gc,0,637,1490063106142.0,544.0,140502832,136355808
gc,0,636,1490063107688.0,583.0,169306144,242546912
gc,0,635,1490063109272.0,292.0,202075648,212739608
gc,0,634,1490063110566.0,112.0,148900288,215832648
gc,0,633,1490063111680.0,285.0,221260568,214235736
gc,0,632,1490063112967.0,411.0,198957448,222285512
gc,0,631,1490063114380.0,184.0,259229216,257517448
gc,0,630,1490063115566.0,177.0,285171504,257893112
gc,0,629,1490063116745.0,118.0,217606936,284190856
gc,0,628,1490063117865.0,111.0,203995272,270082792
gc,0,627,1490063119043.0,455.0,317841008,258267768
gc,0,626,1490063120521.0,326.0,268476608,286022520
gc,0,625,1490063121901.0,112.0,262403952,329463312
gc,0,624,1490063123101.0,564.0,246629024,301208232
gc,0,623,1490063124667.0,321.0,326201056,325535224
gc,0,622,1490063125990.0,111.0,261907856,328526352
gc,0,621,1490063127103.0,1491.0,299581352,76646960
gc,0,620,1490063129597.0,127.0,153605968,141318192
gc,0,619,1490063130726.0,137.0,181236128,141567896
gc,0,618,1490063131864.0,113.0,89438024,155695048
gc,0,617,1490063132986.0,258.0,183146192,141885392
gc,0,616,1490063134246.0,438.0,152136080,154869824
gc,0,615,1490063135685.0,111.0,135133208,202047848
gc,0,614,1490063136840.0,397.0,211136720,196880400
gc,0,613,1490063138250.0,172.0,238906288,227265536
gc,0,612,1490063139430.0,553.0,246839536,299564240
gc,0,611,1490063140984.0,403.0,255061752,231995576
gc,0,610,1490063142389.0,325.0,214536592,240194064
gc,0,609,1490063143716.0,362.0,212305912,248616712
gc,0,608,1490063145079.0,246.0,248642936,261244592
gc,0,607,1490063146327.0,400.0,225941600,261838984
gc,0,606,1490063147728.0,353.0,254390432,290231456
gc,0,605,1490063149083.0,212.0,296376968,301135848
gc,0,604,1490063150297.0,112.0,248618096,314959688
gc,0,603,1490063151411.0,373.0,297982400,302365520
gc,0,602,1490063152786.0,111.0,290463264,357208088
gc,0,601,1490063153898.0,230.0,356820800,333860088
gc,0,600,1490063155130.0,110.0,276455880,342659592
gc,0,599,1490063156302.0,276.0,316099184,351489960
gc,0,598,1490063157587.0,560.0,299866600,337438512
gc,0,597,1490063159149.0,1783.0,353161360,100305984
gc,0,596,1490063161933.0,213.0,136000224,141352888
gc,0,595,1490063163148.0,111.0,99760200,166840024
gc,0,594,1490063164261.0,225.0,167825592,142444408
gc,0,593,1490063165488.0,112.0,79882136,146271992
gc,0,592,1490063166615.0,114.0,75899320,141951576
gc,0,591,1490063167731.0,366.0,162722400,142708072
gc,0,590,1490063169098.0,336.0,179349728,180293560
gc,0,589,1490063170436.0,397.0,166796464,198621368
gc,0,588,1490063171835.0,256.0,210442072,225048968
gc,0,587,1490063173093.0,110.0,176492264,243280440
gc,0,586,1490063174238.0,384.0,183920136,248457376
gc,0,585,1490063175628.0,677.0,221334656,258646784
gc,0,584,1490063177307.0,111.0,229004536,295657720
gc,0,583,1490063178420.0,168.0,324297848,291383472
gc,0,582,1490063179590.0,111.0,236153600,302534624
gc,0,581,1490063180703.0,196.0,343506336,291840800
gc,0,580,1490063181900.0,410.0,293788384,291976024
gc,0,579,1490063183311.0,191.0,357754904,337621848
gc,0,578,1490063184503.0,1499.0,316688288,76544832
gc,0,577,1490063187003.0,113.0,82836632,149932712
gc,0,576,1490063188117.0,155.0,174828688,140967584
gc,0,575,1490063189273.0,113.0,77396584,143719080
gc,0,574,1490063190387.0,314.0,168401208,141334800
gc,0,573,1490063191702.0,208.0,195592288,165362560
gc,0,572,1490063192912.0,161.0,209578056,166011968
gc,0,571,1490063194116.0,300.0,129594032,165870144
gc,0,570,1490063195469.0,213.0,206596544,174971088
gc,0,569,1490063196729.0,398.0,158312080,218336896
gc,0,568,1490063198132.0,720.0,190886928,210373616
gc,0,567,1490063199854.0,183.0,265180520,275851736
gc,0,566,1490063201039.0,174.0,280745496,252913320
gc,0,565,1490063202215.0,111.0,212733960,279043400
gc,0,564,1490063203327.0,111.0,201313896,267822216
gc,0,563,1490063204439.0,292.0,287641824,253890024
gc,0,562,1490063205733.0,392.0,270078408,275344208
gc,0,561,1490063207126.0,112.0,263286560,329969792
gc,0,560,1490063208239.0,204.0,339319624,312013808
gc,0,559,1490063209455.0,201.0,247541256,316872920
gc,0,558,1490063210708.0,598.0,283537752,312885920
gc,0,557,1490063212308.0,1221.0,352167680,75080432
gc,0,556,1490063214530.0,110.0,68711272,135456160
gc,0,555,1490063215642.0,240.0,133172632,116296240
gc,0,554,1490063216884.0,111.0,73670048,140502016
gc,0,553,1490063217997.0,112.0,81374984,147701384
gc,0,552,1490063219111.0,178.0,172220784,116378560
gc,0,551,1490063220291.0,111.0,110759920,177818536
gc,0,550,1490063221491.0,392.0,61232408,139296368
gc,0,549,1490063222933.0,507.0,197280304,220800392
gc,0,548,1490063224442.0,129.0,224249032,196041584
gc,0,547,1490063225573.0,351.0,191822040,198116464
gc,0,546,1490063226926.0,392.0,189453760,222841976
gc,0,545,1490063228320.0,243.0,232789304,245555200
gc,0,544,1490063229565.0,111.0,193873704,260726568
gc,0,543,1490063230678.0,285.0,257580816,246365824
gc,0,542,1490063231965.0,111.0,215696104,282493432
gc,0,541,1490063233078.0,110.0,233753512,300858584
gc,0,540,1490063234255.0,109.0,194014528,260611328
gc,0,539,1490063235376.0,474.0,294365296,301840800
gc,0,538,1490063236851.0,111.0,251323808,318199648
gc,0,537,1490063237964.0,162.0,347516408,289036200
gc,0,536,1490063239127.0,114.0,288446872,355227432
gc,0,535,1490063240242.0,236.0,345554816,289580800
gc,0,534,1490063241479.0,114.0,271676136,338218152
gc,0,533,1490063242594.0,286.0,339445760,300580584
gc,0,532,1490063243881.0,339.0,330570752,321149552
gc,0,531,1490063245221.0,112.0,303164456,369695096
gc,0,530,1490063246373.0,1432.0,357745496,77119552
gc,0,529,1490063248807.0,112.0,70278352,136926248
gc,0,528,1490063249921.0,113.0,102606104,169048904
gc,0,527,1490063251035.0,112.0,87610000,154101664
gc,0,526,1490063252148.0,358.0,166351464,129521208
gc,0,525,1490063253508.0,114.0,140561624,206979032
gc,0,524,1490063254624.0,122.0,107593360,174597008
gc,0,523,1490063255826.0,525.0,162777552,154045824
gc,0,522,1490063257446.0,409.0,253434448,198564712
gc,0,521,1490063258871.0,424.0,196738256,225998208
gc,0,520,1490063260297.0,131.0,267593480,254841328
gc,0,519,1490063261444.0,411.0,229998928,278297360
gc,0,518,1490063262910.0,404.0,232058344,272683040
gc,0,517,1490063264316.0,421.0,222633832,279035936
gc,0,516,1490063265899.0,112.0,256765888,323800768
gc,0,515,1490063267013.0,114.0,262391736,329146296
gc,0,514,1490063268129.0,116.0,292723584,359688992
gc,0,513,1490063269247.0,110.0,261731264,327722896
gc,0,512,1490063270359.0,410.0,327435120,314906368
gc,0,511,1490063271771.0,133.0,404248952,365599728
gc,0,510,1490063272946.0,111.0,318335936,384624704
gc,0,509,1490063274092.0,1677.0,313305984,127833808
gc,0,508,1490063276793.0,786.0,109510208,160821888
gc,0,507,1490063278581.0,112.0,146899952,213746480
gc,0,506,1490063279695.0,112.0,163947632,231017576
gc,0,505,1490063280809.0,311.0,207556560,199712176
gc,0,504,1490063282122.0,110.0,182307904,248842600
gc,0,503,1490063283235.0,399.0,211833960,218216400
gc,0,502,1490063284636.0,111.0,207224472,274137752
gc,0,501,1490063285748.0,220.0,281380056,258043392
gc,0,500,1490063286969.0,111.0,202977464,269828528
gc,0,499,1490063288139.0,526.0,304591496,309193512
gc,0,498,1490063289684.0,773.0,295506592,291172040
gc,0,497,1490063291458.0,445.0,345618960,378764344
gc,0,496,1490063292904.0,114.0,290155128,356989688
gc,0,495,1490063294019.0,174.0,378585288,350235512
gc,0,494,1490063295195.0,112.0,300241496,367351832
gc,0,493,1490063296309.0,163.0,406140112,350733504
gc,0,492,1490063297473.0,1509.0,357285944,108004960
gc,0,491,1490063299983.0,111.0,90633656,157429208
gc,0,490,1490063301096.0,110.0,129082832,195345328
gc,0,489,1490063302207.0,111.0,112713808,179405328
gc,0,488,1490063303320.0,239.0,189640968,141903248
gc,0,487,1490063304560.0,110.0,147862624,214107808
gc,0,486,1490063305672.0,349.0,208587400,168694360
gc,0,485,1490063307119.0,314.0,108180352,218287904
gc,0,484,1490063308435.0,110.0,108389544,174736464
gc,0,483,1490063309546.0,347.0,189270056,171092496
gc,0,482,1490063310894.0,292.0,208564160,203066800
gc,0,481,1490063312188.0,110.0,175858752,242900688
gc,0,480,1490063313299.0,271.0,226838536,212130784
gc,0,479,1490063314572.0,113.0,174363600,241205824
gc,0,478,1490063315686.0,113.0,184138080,251207824
gc,0,477,1490063316801.0,161.0,279392552,219808464
gc,0,476,1490063318038.0,124.0,186961936,276780328
gc,0,475,1490063319193.0,372.0,274418120,232552648
gc,0,474,1490063320567.0,110.0,205601256,272553496
gc,0,473,1490063321679.0,442.0,262051712,364857648
gc,0,472,1490063323123.0,405.0,262281616,278937184
gc,0,471,1490063324530.0,317.0,290414568,313957128
gc,0,470,1490063325849.0,339.0,290825264,317669488
gc,0,469,1490063327190.0,297.0,304799072,325405008
gc,0,468,1490063328489.0,407.0,286748464,326545304
gc,0,467,1490063329898.0,166.0,355028872,351666752
gc,0,466,1490063331066.0,170.0,383662808,351493712
gc,0,465,1490063332238.0,112.0,301231256,368063456
gc,0,464,1490063333352.0,177.0,408434048,352416336
gc,0,463,1490063334531.0,110.0,354173200,420965200
gc,0,462,1490063335747.0,338.0,314584520,374544768
gc,0,461,1490063337095.0,684.0,344748488,371982016
gc,0,460,1490063338780.0,1818.0,386331592,75009952
gc,0,459,1490063341599.0,180.0,138307336,115116288
gc,0,458,1490063342781.0,112.0,90224200,157236456
gc,0,457,1490063343894.0,407.0,106075328,116341960
gc,0,456,1490063345302.0,259.0,155119744,157269584
gc,0,455,1490063346562.0,193.0,168357384,157289296
gc,0,454,1490063347756.0,364.0,147693440,157339744
gc,0,453,1490063349121.0,331.0,160876360,183882144
gc,0,452,1490063350453.0,350.0,163083568,194258112
gc,0,451,1490063351804.0,250.0,195959960,207914240
gc,0,450,1490063353056.0,111.0,149042768,215682432
gc,0,449,1490063354169.0,336.0,208025368,208454032
gc,0,448,1490063355506.0,350.0,215625400,230564224
gc,0,447,1490063356858.0,209.0,251943928,250717416
gc,0,446,1490063358069.0,245.0,259540200,250577832
gc,0,445,1490063359315.0,386.0,227401376,251022944
gc,0,444,1490063360703.0,111.0,225911696,292974864
gc,0,443,1490063361866.0,293.0,259938584,307205688
gc,0,442,1490063363183.0,856.0,283469288,281670336
gc,0,441,1490063365041.0,241.0,337433224,347993024
gc,0,440,1490063366283.0,346.0,320742184,348336896
gc,0,439,1490063367631.0,289.0,341652616,360785280
gc,0,438,1490063368922.0,1422.0,322478072,76005976
gc,0,437,1490063371346.0,163.0,142107784,138849184
gc,0,436,1490063372510.0,167.0,170805256,138910392
gc,0,435,1490063373678.0,112.0,88367176,154670584
gc,0,434,1490063374791.0,161.0,197556312,139663360
gc,0,433,1490063375954.0,111.0,141940832,208141120
gc,0,432,1490063377160.0,229.0,170451912,139465696
gc,0,431,1490063378419.0,230.0,154799208,198176544
gc,0,430,1490063379718.0,412.0,130077920,138012504
gc,0,429,1490063381228.0,601.0,188125624,254327816
gc,0,428,1490063382831.0,179.0,245540688,229115880
gc,0,427,1490063384012.0,318.0,224930008,229696248
gc,0,426,1490063385332.0,236.0,250565288,244211240
gc,0,425,1490063386570.0,286.0,239486488,244407424
gc,0,424,1490063387858.0,256.0,253458616,249003512
gc,0,423,1490063389117.0,290.0,241940024,249298592
gc,0,422,1490063390408.0,233.0,264010632,254729288
gc,0,421,1490063391643.0,330.0,242188720,255345352
gc,0,420,1490063392974.0,173.0,290785296,271504056
gc,0,419,1490063394148.0,365.0,261072088,272067504
gc,0,418,1490063395514.0,218.0,307073144,298059504
gc,0,417,1490063396733.0,305.0,293342144,298558248
gc,0,416,1490063398039.0,257.0,313893824,307651584
gc,0,415,1490063399298.0,305.0,298974080,307836672
gc,0,414,1490063400604.0,226.0,326534960,316429864
gc,0,413,1490063401840.0,336.0,290234136,316739256
gc,0,412,1490063403179.0,208.0,345298800,331801984
gc,0,411,1490063404388.0,469.0,311916480,332273416
gc,0,410,1490063405908.0,176.0,372453192,353976080
gc,0,409,1490063407095.0,643.0,389754088,354664648
gc,0,408,1490063408740.0,1032.0,362358728,91134608
gc,0,407,1490063410773.0,306.0,84005416,106027016
gc,0,406,1490063412080.0,374.0,72460768,109781712
gc,0,405,1490063413456.0,165.0,132020640,128179120
gc,0,404,1490063414622.0,175.0,157476192,128469536
gc,0,403,1490063415799.0,113.0,80065000,146608000
gc,0,402,1490063416913.0,132.0,193185304,128936216
gc,0,401,1490063418047.0,111.0,137901624,204696320
gc,0,400,1490063419177.0,457.0,176720176,143072608
gc,0,399,1490063420641.0,531.0,179576896,197459320
gc,0,398,1490063422174.0,110.0,150417632,217211088
gc,0,397,1490063423286.0,112.0,144108592,210913912
gc,0,396,1490063424400.0,248.0,234430920,194349968
gc,0,395,1490063425649.0,321.0,217928520,203982968
gc,0,394,1490063426972.0,120.0,174557800,241648464
gc,0,393,1490063428094.0,110.0,192929936,260032848
gc,0,392,1490063429206.0,112.0,163033928,229099688
gc,0,391,1490063430348.0,349.0,229443400,329414504
gc,0,390,1490063431790.0,453.0,232773632,245646840
gc,0,389,1490063433245.0,199.0,303527120,270525936
gc,0,388,1490063434446.0,154.0,314756360,269196896
gc,0,387,1490063435602.0,253.0,302915120,269359968
gc,0,386,1490063436857.0,237.0,307185600,276842896
gc,0,385,1490063438097.0,166.0,320328152,276870328
gc,0,384,1490063439265.0,239.0,312445072,277299720
gc,0,383,1490063440506.0,244.0,309907192,281104544
gc,0,382,1490063441752.0,172.0,322871360,282316216
gc,0,381,1490063442926.0,230.0,318416688,282523920
gc,0,380,1490063444178.0,256.0,310350720,282732264
gc,0,379,1490063445448.0,187.0,279949832,287124384
gc,0,378,1490063446696.0,584.0,323641384,325721776
gc,0,377,1490063448292.0,1558.0,362514328,74785936
gc,0,376,1490063450851.0,344.0,83566032,128252568
gc,0,375,1490063452196.0,306.0,108306832,133278528
gc,0,374,1490063453503.0,260.0,121884112,133370240
gc,0,373,1490063454765.0,109.0,76632896,143559472
gc,0,372,1490063455875.0,271.0,149299312,133939072
gc,0,371,1490063457147.0,112.0,80992192,148003248
gc,0,370,1490063458260.0,110.0,98347168,164634376
gc,0,369,1490063459410.0,192.0,196341800,141453328
gc,0,368,1490063460698.0,119.0,122970000,202181520
gc,0,367,1490063461823.0,542.0,82299344,230635752
gc,0,366,1490063463367.0,356.0,164567432,233774904
gc,0,365,1490063464725.0,110.0,140563408,207310648
gc,0,364,1490063465837.0,252.0,205662984,189490416
gc,0,363,1490063467091.0,110.0,145397320,212309976
gc,0,362,1490063468203.0,111.0,152977496,219683096
gc,0,361,1490063469316.0,193.0,244170816,190726360
gc,0,360,1490063470527.0,110.0,189109400,255703232
gc,0,359,1490063471650.0,615.0,251734816,240486208
gc,0,358,1490063473269.0,571.0,263038088,242253960
gc,0,357,1490063474842.0,113.0,229978888,297089200
gc,0,356,1490063475956.0,111.0,252299512,319302712
gc,0,355,1490063477069.0,358.0,289145840,287163104
gc,0,354,1490063478429.0,118.0,257198744,323873048
gc,0,353,1490063479549.0,382.0,308338528,316558576
gc,0,352,1490063480933.0,272.0,345382856,348022608
gc,0,351,1490063482207.0,226.0,352499008,348449552
gc,0,350,1490063483435.0,305.0,349025216,348467264
gc,0,349,1490063484742.0,374.0,332776048,358825664
gc,0,348,1490063486118.0,360.0,346400032,381367448
gc,0,347,1490063487480.0,184.0,398262240,396581792
gc,0,346,1490063488671.0,195.0,421676240,396306608
gc,0,345,1490063489944.0,260.0,409592120,441250416
gc,0,344,1490063491218.0,382.0,413769088,433262872
gc,0,343,1490063492602.0,137.0,458896520,412279104
gc,0,342,1490063493741.0,140.0,467858384,412032960
gc,0,341,1490063494882.0,1292.0,432253344,106102168
gc,0,340,1490063497175.0,113.0,75109456,141843024
gc,0,339,1490063498289.0,113.0,119240328,185420784
gc,0,338,1490063499404.0,111.0,147704808,214724472
gc,0,337,1490063500516.0,377.0,161438808,126752856
gc,0,336,1490063501894.0,411.0,169476136,176133320
gc,0,335,1490063503307.0,286.0,207559960,214527888
gc,0,334,1490063504594.0,208.0,222015800,215196824
gc,0,333,1490063505803.0,276.0,223051864,215413400
gc,0,332,1490063507080.0,114.0,185220120,251862472
gc,0,331,1490063508228.0,298.0,228752672,216903624
gc,0,330,1490063509531.0,128.0,185240744,251968096
gc,0,329,1490063510663.0,404.0,192842784,286899400
gc,0,328,1490063512151.0,363.0,238900768,244093328
gc,0,327,1490063513515.0,188.0,280557744,227159576
gc,0,326,1490063514795.0,321.0,266650344,295841656
gc,0,325,1490063516118.0,203.0,288940712,260365624
gc,0,324,1490063517323.0,110.0,198545072,265090952
gc,0,323,1490063518435.0,154.0,317924656,260692696
gc,0,322,1490063519591.0,382.0,275319248,261274200
gc,0,321,1490063520975.0,279.0,307747952,301363304
gc,0,320,1490063522255.0,398.0,276568072,305228424
gc,0,319,1490063523654.0,330.0,305258568,334376584
gc,0,318,1490063524985.0,245.0,330443712,340609368
gc,0,317,1490063526232.0,111.0,277725648,344625168
gc,0,316,1490063527345.0,379.0,332438760,341008536
gc,0,315,1490063528726.0,276.0,370282464,372111816
gc,0,314,1490063530004.0,248.0,372170024,372754488
gc,0,313,1490063531260.0,273.0,371031352,372867064
gc,0,312,1490063532542.0,1443.0,361328736,76230112
gc,0,311,1490063534987.0,271.0,125992784,128371736
gc,0,310,1490063536260.0,226.0,131217080,128796568
gc,0,309,1490063537488.0,289.0,130171632,128680520
gc,0,308,1490063538779.0,355.0,113278704,135090056
gc,0,307,1490063540136.0,110.0,108357912,175136904
gc,0,306,1490063541248.0,110.0,90531856,157215088
gc,0,305,1490063542360.0,110.0,96045864,162770184
gc,0,304,1490063543489.0,304.0,185182016,155282360
gc,0,303,1490063544795.0,251.0,201744592,178149280
gc,0,302,1490063546049.0,249.0,169364888,204101944
gc,0,301,1490063547302.0,358.0,174315264,194531664
gc,0,300,1490063548661.0,242.0,219054536,197547304
gc,0,299,1490063549921.0,111.0,129453752,196231352
gc,0,298,1490063551033.0,112.0,141515008,208213776
gc,0,297,1490063552146.0,236.0,240803504,197173032
gc,0,296,1490063553383.0,408.0,202091400,204385496
gc,0,295,1490063554792.0,112.0,182934744,249668664
gc,0,294,1490063555906.0,316.0,249881600,248433760
gc,0,293,1490063557224.0,364.0,246564056,263281040
gc,0,292,1490063558589.0,206.0,286550408,285871616
gc,0,291,1490063559796.0,229.0,298352640,286484776
gc,0,290,1490063561035.0,402.0,261630616,286357208
gc,0,289,1490063562438.0,112.0,268938192,335607760
gc,0,288,1490063563552.0,539.0,345735560,368770232
gc,0,287,1490063565095.0,587.0,286993952,382810280
gc,0,286,1490063566684.0,1488.0,335103416,75187232
gc,0,285,1490063569173.0,218.0,130139056,141072808
gc,0,284,1490063570393.0,392.0,110441408,141126976
gc,0,283,1490063571787.0,396.0,123094616,169819952
gc,0,282,1490063573184.0,134.0,199399792,190374528
gc,0,281,1490063574319.0,112.0,156865944,223641728
gc,0,280,1490063575433.0,372.0,192027400,190817792
gc,0,279,1490063576807.0,112.0,163691000,230358440
gc,0,278,1490063577920.0,373.0,216520272,225473216
gc,0,277,1490063579295.0,281.0,254139224,256324960
gc,0,276,1490063580577.0,246.0,256149264,256489744
gc,0,275,1490063581824.0,269.0,262915664,257045344
gc,0,274,1490063583095.0,344.0,239339752,256689792
gc,0,273,1490063584441.0,110.0,209994432,276801336
gc,0,272,1490063585583.0,535.0,305962984,275677712
gc,0,271,1490063587120.0,627.0,299556272,345388688
gc,0,270,1490063588749.0,262.0,338072648,356588272
gc,0,269,1490063590013.0,311.0,338155160,356914528
gc,0,268,1490063591326.0,111.0,309420704,376024824
gc,0,267,1490063592439.0,164.0,397367408,359700416
gc,0,266,1490063593605.0,141.0,418020768,360168672
gc,0,265,1490063594748.0,301.0,390152640,360050816
gc,0,264,1490063596051.0,1271.0,383456016,136245224
gc,0,263,1490063598324.0,110.0,79268240,146133104
gc,0,262,1490063599436.0,281.0,140522608,129309800
gc,0,261,1490063600719.0,112.0,102264904,168762784
gc,0,260,1490063601832.0,112.0,122956728,189831272
gc,0,259,1490063602945.0,115.0,86834920,153814248
gc,0,258,1490063604080.0,535.0,197629824,137549040
gc,0,257,1490063605617.0,115.0,137437336,204327992
gc,0,256,1490063606745.0,574.0,206632688,189483792
gc,0,255,1490063608350.0,669.0,270395696,232306496
gc,0,254,1490063610020.0,616.0,246134744,282556656
gc,0,253,1490063611638.0,315.0,275928664,299895304
gc,0,252,1490063612954.0,400.0,259734808,304055008
gc,0,251,1490063614355.0,191.0,323877584,326921800
gc,0,250,1490063615547.0,110.0,286463592,353078920
gc,0,249,1490063616659.0,313.0,337376280,328149344
gc,0,248,1490063617974.0,113.0,285366760,352225696
gc,0,247,1490063619088.0,110.0,315875256,382584368
gc,0,246,1490063620228.0,433.0,289819264,409062544
gc,0,245,1490063621676.0,1553.0,360062488,131650840
gc,0,244,1490063624231.0,544.0,94551224,159923688
gc,0,243,1490063625776.0,239.0,151998768,162878920
gc,0,242,1490063627017.0,109.0,107500288,174186688
gc,0,241,1490063628128.0,296.0,170587312,162993952
gc,0,240,1490063629426.0,111.0,146823528,213155720
gc,0,239,1490063630539.0,389.0,172509888,176615208
gc,0,238,1490063631930.0,111.0,159904456,226407400
gc,0,237,1490063633042.0,270.0,226773040,213999968
gc,0,236,1490063634314.0,110.0,182763760,249155360
gc,0,235,1490063635428.0,597.0,233126232,220070208
gc,0,234,1490063637027.0,195.0,202743536,268382736
gc,0,233,1490063638232.0,509.0,218201224,264300176
gc,0,232,1490063639743.0,111.0,238963400,305618696
gc,0,231,1490063640856.0,110.0,273974048,340484128
gc,0,230,1490063641968.0,112.0,260907560,327032056
gc,0,229,1490063643082.0,263.0,335300240,292072496
gc,0,228,1490063644347.0,372.0,311524896,307049072
gc,0,227,1490063645721.0,111.0,308753200,375465976
gc,0,226,1490063646834.0,330.0,350761736,343196832
gc,0,225,1490063648166.0,115.0,306271248,373028208
gc,0,224,1490063649286.0,273.0,404507816,423183296
gc,0,223,1490063650575.0,398.0,402813296,410006616
gc,0,222,1490063651974.0,166.0,427150688,381203224
gc,0,221,1490063653141.0,233.0,418946488,381419200
gc,0,220,1490063654375.0,273.0,407391912,383744160
gc,0,219,1490063655649.0,137.0,439487216,394118016
gc,0,218,1490063656787.0,164.0,445382128,394361376
gc,0,217,1490063657952.0,1304.0,408306808,76869088
gc,0,216,1490063660258.0,112.0,80681784,147337624
gc,0,215,1490063661371.0,115.0,132227704,198811600
gc,0,214,1490063662487.0,343.0,166323912,129884064
gc,0,213,1490063663831.0,111.0,135714720,202697328
gc,0,212,1490063664943.0,112.0,108337104,175017904
gc,0,211,1490063666056.0,402.0,180180328,169934496
gc,0,210,1490063667459.0,111.0,155340968,222284632
gc,0,209,1490063668654.0,254.0,246459024,272445808
gc,0,208,1490063669958.0,513.0,243284392,293427008
gc,0,207,1490063671472.0,111.0,196352784,263406784
gc,0,206,1490063672584.0,397.0,229530048,244322512
gc,0,205,1490063673982.0,223.0,285666064,279322976
gc,0,204,1490063675206.0,265.0,280979272,279382752
gc,0,203,1490063676473.0,303.0,276705136,279953664
gc,0,202,1490063677778.0,315.0,274619016,288753936
gc,0,201,1490063679095.0,111.0,232700304,299615136
gc,0,200,1490063680208.0,280.0,306017416,296165408
gc,0,199,1490063681490.0,111.0,270047272,336667656
gc,0,198,1490063682603.0,112.0,288616696,354845272
gc,0,197,1490063683805.0,331.0,248880600,348491416
gc,0,196,1490063685228.0,508.0,282395368,311940448
gc,0,195,1490063686738.0,318.0,355595384,331603128
gc,0,194,1490063688058.0,338.0,323437248,344963112
gc,0,193,1490063689422.0,1747.0,320871840,74873168
gc,0,192,1490063692171.0,503.0,139463304,141391864
gc,0,191,1490063693676.0,351.0,114775624,162326896
gc,0,190,1490063695029.0,330.0,129960472,169243736
gc,0,189,1490063696361.0,110.0,112018672,178888024
gc,0,188,1490063697473.0,129.0,214112568,171753408
gc,0,187,1490063698604.0,110.0,117580744,184117656
gc,0,186,1490063699716.0,278.0,209337296,172729456
gc,0,185,1490063700996.0,406.0,184899528,191015208
gc,0,184,1490063702404.0,111.0,181305768,248261504
gc,0,183,1490063703522.0,326.0,242609904,251645624
gc,0,182,1490063704849.0,594.0,251645624,276624264
gc,0,181,1490063706444.0,138.0,299414848,284341304
gc,0,180,1490063707583.0,197.0,311109464,284512944
gc,0,179,1490063708781.0,113.0,231366160,298045520
gc,0,178,1490063709895.0,111.0,221095544,287688360
gc,0,177,1490063711007.0,371.0,302861960,285588280
gc,0,176,1490063712380.0,318.0,325507312,325492648
gc,0,175,1490063713699.0,393.0,310113576,339888304
gc,0,174,1490063715094.0,299.0,342219384,365158160
gc,0,173,1490063716394.0,335.0,339720736,365505368
gc,0,172,1490063717731.0,331.0,349069776,375232824
gc,0,171,1490063719064.0,326.0,358915800,383840376
gc,0,170,1490063720391.0,349.0,360569240,390091464
gc,0,169,1490063721741.0,274.0,386923328,402727480
gc,0,168,1490063723016.0,113.0,352724824,419673664
gc,0,167,1490063724258.0,294.0,347353320,403164288
gc,0,166,1490063725558.0,207.0,351115024,418983560
gc,0,165,1490063726784.0,1538.0,360406096,75025240
gc,0,164,1490063729324.0,531.0,145441744,132288080
gc,0,163,1490063730857.0,112.0,126764872,193654024
gc,0,162,1490063731970.0,112.0,140308288,207093760
gc,0,161,1490063733084.0,151.0,241186120,181519520
gc,0,160,1490063734236.0,117.0,179174296,246123320
gc,0,159,1490063735354.0,267.0,231508344,181556344
gc,0,158,1490063736623.0,112.0,172097624,239137032
gc,0,157,1490063737810.0,557.0,256147336,236701648
gc,0,156,1490063739379.0,488.0,270151104,225844896
gc,0,155,1490063740967.0,112.0,194325408,261279328
gc,0,154,1490063742081.0,112.0,200976216,268061568
gc,0,153,1490063743195.0,111.0,239732944,306176944
gc,0,152,1490063744308.0,112.0,220585112,287670512
gc,0,151,1490063745422.0,309.0,297253560,262723912
gc,0,150,1490063746733.0,112.0,275326280,341831008
gc,0,149,1490063747859.0,305.0,305840304,324052192
gc,0,148,1490063749182.0,633.0,315064712,355555296
gc,0,147,1490063750817.0,319.0,346862616,382802272
gc,0,146,1490063752138.0,111.0,299359600,366109000
gc,0,145,1490063753251.0,332.0,346901200,345070664
gc,0,144,1490063754585.0,383.0,344418472,365366912
gc,0,143,1490063755970.0,173.0,397747520,391396416
gc,0,142,1490063757145.0,212.0,413772296,391604192
gc,0,141,1490063758358.0,113.0,348591416,415400344
gc,0,140,1490063759472.0,113.0,358571280,424831432
gc,0,139,1490063760627.0,1380.0,453431144,117769128
gc,0,138,1490063763032.0,570.0,184350464,184769352
gc,0,137,1490063764603.0,396.0,231006136,179507800
gc,0,136,1490063766000.0,111.0,114366960,181107648
gc,0,135,1490063767113.0,111.0,144317544,210631944
gc,0,134,1490063768225.0,111.0,135157552,202025792
gc,0,133,1490063769338.0,193.0,215875728,159571456
gc,0,132,1490063770533.0,110.0,149432968,216062128
gc,0,131,1490063771724.0,387.0,179066112,183621896
gc,0,130,1490063773163.0,606.0,192133296,217332688
gc,0,129,1490063774771.0,322.0,230458976,250998336
gc,0,128,1490063776095.0,268.0,237422624,254571248
gc,0,127,1490063777365.0,113.0,211156080,277753176
gc,0,126,1490063778479.0,154.0,291733744,255047008
gc,0,125,1490063779635.0,159.0,305887848,254939600
gc,0,124,1490063780796.0,357.0,269352368,255399328
gc,0,123,1490063782155.0,112.0,225759520,292389160
gc,0,122,1490063783308.0,139.0,237362656,307052048
gc,0,121,1490063784452.0,545.0,345360104,373704432
gc,0,120,1490063785998.0,351.0,299632840,385511968
gc,0,119,1490063787351.0,407.0,289569688,327723600
gc,0,118,1490063788760.0,178.0,354211880,354420384
gc,0,117,1490063789940.0,135.0,390749560,354390688
gc,0,116,1490063791077.0,110.0,317507408,384335112
gc,0,115,1490063792189.0,112.0,291168672,357128608
gc,0,114,1490063793321.0,172.0,300816288,429192304
gc,0,113,1490063794500.0,628.0,412910008,380453320
gc,0,112,1490063796132.0,1226.0,409020240,140295560
gc,0,111,1490063798360.0,111.0,80017232,146829280
gc,0,110,1490063799473.0,110.0,63609176,130044008
gc,0,109,1490063800585.0,111.0,83744984,150775616
gc,0,108,1490063801698.0,139.0,184467520,122455552
gc,0,107,1490063802839.0,110.0,118354680,184703112
gc,0,106,1490063803973.0,436.0,187017584,122642848
gc,0,105,1490063805418.0,142.0,88674840,195784432
gc,0,104,1490063806573.0,572.0,107866088,226028888
gc,0,103,1490063808158.0,672.0,153769048,199290896
gc,0,102,1490063809831.0,142.0,251022976,237849792
gc,0,101,1490063810974.0,113.0,181883680,248944960
gc,0,100,1490063812088.0,112.0,215992584,282776064
gc,0,99,1490063813201.0,113.0,190424416,257000520
gc,0,98,1490063814315.0,385.0,258214080,238565808
gc,0,97,1490063815701.0,198.0,309755392,280668032
gc,0,96,1490063816900.0,111.0,216728768,283271528
gc,0,95,1490063818025.0,524.0,228937280,318183152
gc,0,94,1490063819563.0,635.0,249843368,368397056
gc,0,93,1490063821199.0,111.0,303071664,370072800
gc,0,92,1490063822312.0,111.0,305186632,371692696
gc,0,91,1490063823424.0,113.0,333769376,399916344
gc,0,90,1490063824538.0,111.0,303025352,369627360
gc,0,89,1490063825650.0,112.0,338059912,404069768
gc,0,88,1490063826764.0,305.0,438584920,382323592
gc,0,87,1490063828070.0,112.0,338357152,404970448
gc,0,86,1490063829184.0,111.0,366174256,432753328
gc,0,85,1490063830296.0,112.0,381423624,448254024
gc,0,84,1490063831409.0,111.0,386369800,452597800
gc,0,83,1490063832522.0,113.0,376780984,443359440
gc,0,82,1490063833650.0,388.0,368172720,456665880
gc,0,81,1490063835101.0,780.0,458975872,95442264
gc,0,80,1490063836883.0,454.0,167019720,96012904
gc,0,79,1490063838339.0,111.0,71004808,137897464
gc,0,78,1490063839451.0,111.0,94180288,161291328
gc,0,77,1490063840565.0,112.0,75274336,141761536
gc,0,76,1490063841679.0,344.0,157612056,134211592
gc,0,75,1490063843025.0,342.0,167266440,169613784
gc,0,74,1490063844369.0,387.0,159263672,191748552
gc,0,73,1490063845758.0,242.0,203141216,216297976
gc,0,72,1490063847002.0,111.0,164555656,231505056
gc,0,71,1490063848115.0,270.0,229987072,217162488
gc,0,70,1490063849402.0,125.0,182340104,248663176
gc,0,69,1490063850535.0,316.0,180237680,261372184
gc,0,68,1490063851868.0,600.0,211941464,232573576
gc,0,67,1490063853470.0,582.0,273411184,294576256
gc,0,66,1490063855054.0,226.0,324841952,325943720
gc,0,65,1490063856282.0,197.0,344704392,325736648
gc,0,64,1490063857481.0,113.0,298955472,366042912
gc,0,63,1490063858595.0,113.0,311032976,377516632
gc,0,62,1490063859709.0,113.0,273177560,340114456
gc,0,61,1490063860832.0,174.0,283355472,401671744
gc,0,60,1490063862019.0,493.0,391790624,326922648
gc,0,59,1490063863513.0,128.0,313494680,407154936
gc,0,58,1490063864647.0,595.0,400195976,412424176
gc,0,57,1490063866243.0,1459.0,412983208,74913896
gc,0,56,1490063868704.0,260.0,116084888,137590040
gc,0,55,1490063869966.0,302.0,118046528,137587304
gc,0,54,1490063871269.0,404.0,98933992,140687688
gc,0,53,1490063872674.0,132.0,176158712,166491960
gc,0,52,1490063873807.0,111.0,104335944,170883656
gc,0,51,1490063874920.0,112.0,126199600,192727152
gc,0,50,1490063876034.0,194.0,222298944,166950208
gc,0,49,1490063877229.0,111.0,143530408,210450008
gc,0,48,1490063878341.0,200.0,228011416,222350208
gc,0,47,1490063879542.0,112.0,158386992,224416896
gc,0,46,1490063880655.0,298.0,209473008,168183000
gc,0,45,1490063881954.0,391.0,192549392,193580776
gc,0,44,1490063883347.0,369.0,211051152,233504376
gc,0,43,1490063884718.0,129.0,187471392,254868632
gc,0,42,1490063885848.0,137.0,294785552,255054960
gc,0,41,1490063886987.0,112.0,205127216,271472224
gc,0,40,1490063888100.0,236.0,300676384,255850584
gc,0,39,1490063889338.0,112.0,258856256,325567840
gc,0,38,1490063890490.0,384.0,247026896,310644640
gc,0,37,1490063891882.0,521.0,240134520,279429416
gc,0,36,1490063893405.0,403.0,334128208,353674728
gc,0,35,1490063894810.0,111.0,269189384,336063008
gc,0,34,1490063895923.0,111.0,268621592,334913160
gc,0,33,1490063897035.0,267.0,363219072,325662576
gc,0,32,1490063898304.0,371.0,342402240,340068520
gc,0,31,1490063899677.0,112.0,314009008,381003032
gc,0,30,1490063900791.0,340.0,370735752,371684328
gc,0,29,1490063902133.0,1172.0,379231224,76441976
gc,0,28,1490063904307.0,214.0,126439584,125922784
gc,0,27,1490063905523.0,227.0,139461480,126209128
gc,0,26,1490063906752.0,388.0,103307080,126582872
gc,0,25,1490063908142.0,111.0,101557848,168379320
gc,0,24,1490063909255.0,161.0,190788360,158452760
gc,0,23,1490063910418.0,112.0,94212904,160449104
gc,0,22,1490063911532.0,297.0,186847632,158341808
gc,0,21,1490063912830.0,229.0,206442088,179405584
gc,0,20,1490063914060.0,374.0,178327200,228154560
gc,0,19,1490063915435.0,256.0,228154560,239243616
gc,0,18,1490063916692.0,143.0,225167728,203486416
gc,0,17,1490063917836.0,331.0,202527208,203705880
gc,0,16,1490063919168.0,114.0,186868984,253602784
gc,0,15,1490063920284.0,235.0,245890688,223728608
gc,0,14,1490063921520.0,112.0,166607432,233212232
gc,0,13,1490063922634.0,141.0,281322784,224397000
gc,0,12,1490063923795.0,462.0,212515104,224187992
gc,0,11,1490063925259.0,111.0,212747968,279499984
gc,0,10,1490063926415.0,450.0,293849480,315762480
gc,0,9,1490063927867.0,334.0,332014264,333677928
gc,0,8,1490063929202.0,111.0,244447384,310890040
gc,0,7,1490063930315.0,208.0,351354016,304463904
gc,0,6,1490063931524.0,368.0,312270848,305616664
gc,0,5,1490063932893.0,187.0,365048200,340233832
gc,0,4,1490063934082.0,109.0,308006856,374482720
gc,0,3,1490063935193.0,110.0,309789920,376583392
gc,0,2,1490063936304.0,182.0,402025832,341397400
gc,0,1,1490063937548.0,163.0,317530816,397972544
