compute,1,1100,1492642015246.0,16.0,700558368,700558368
compute,1,1099,1492642012932.0,5.0,400221776,400221776
compute,1,1098,1492642011913.0,18.0,400221776,400221776
compute,1,1097,1492642010124.0,26.0,279606048,279606048
compute,1,1096,1492642009117.0,6.0,201632336,201632336
compute,1,1095,1492642008111.0,6.0,194083240,194083240
compute,1,1094,1492642007084.0,26.0,671248768,671248768
compute,1,1093,1492642006078.0,6.0,671248768,671248768
compute,1,1092,1492642005072.0,6.0,671248768,671248768
compute,1,1091,1492642004046.0,26.0,671248768,671248768
compute,1,1090,1492642003040.0,6.0,671248768,671248768
compute,1,1089,1492642002034.0,6.0,671248768,671248768
compute,1,1088,1492642001007.0,26.0,671248768,671248768
compute,1,1087,1492642000001.0,6.0,671248768,671248768
compute,1,1086,1492641998259.0,741.0,671248768,671248768
compute,1,1085,1492641997187.0,72.0,671248768,671248768
compute,1,1084,1492641996170.0,17.0,671248768,671248768
compute,1,1083,1492641993996.0,5.0,392647248,392647248
compute,1,1082,1492641992975.0,20.0,392647248,392647248
compute,1,1081,1492641991165.0,27.0,271746336,271746336
compute,1,1080,1492641990007.0,5.0,201014136,201014136
compute,1,1079,1492641988990.0,17.0,193496512,193496512
compute,1,1078,1492641987724.0,6.0,115540720,115540720
compute,1,1077,1492641986706.0,18.0,115540720,115540720
compute,1,1076,1492641985678.0,6.0,612629600,612629600
compute,1,1075,1492641984672.0,6.0,612629600,612629600
compute,1,1074,1492641983646.0,25.0,612629600,612629600
compute,1,1073,1492641982640.0,5.0,612629600,612629600
compute,1,1072,1492641981634.0,5.0,612629600,612629600
compute,1,1071,1492641980617.0,16.0,612629600,612629600
compute,1,1070,1492641978956.0,627.0,612629600,612629600
compute,1,1069,1492641977950.0,6.0,612629600,612629600
compute,1,1068,1492641976933.0,17.0,612629600,612629600
compute,1,1067,1492641974893.0,5.0,377324928,377324928
compute,1,1066,1492641973874.0,19.0,377324928,377324928
compute,1,1065,1492641972194.0,28.0,253732848,253732848
compute,1,1064,1492641971074.0,18.0,199611104,199611104
compute,1,1063,1492641969674.0,6.0,648669448,648669448
compute,1,1062,1492641968648.0,26.0,648669448,648669448
compute,1,1061,1492641967642.0,6.0,648669448,648669448
compute,1,1060,1492641966636.0,6.0,648669448,648669448
compute,1,1059,1492641965610.0,26.0,648669448,648669448
compute,1,1058,1492641964604.0,6.0,648669448,648669448
compute,1,1057,1492641963598.0,6.0,648669448,648669448
compute,1,1056,1492641962592.0,6.0,648669448,648669448
compute,1,1055,1492641960777.0,815.0,648669448,648669448
compute,1,1054,1492641959771.0,6.0,648669448,648669448
compute,1,1053,1492641958753.0,18.0,648669448,648669448
compute,1,1052,1492641956618.0,6.0,386820688,386820688
compute,1,1051,1492641955596.0,21.0,386820688,386820688
compute,1,1050,1492641953701.0,28.0,264865056,264865056
compute,1,1049,1492641952457.0,17.0,200483688,200483688
compute,1,1048,1492641951379.0,28.0,192967464,192967464
compute,1,1047,1492641950038.0,5.0,109146600,109146600
compute,1,1046,1492641949024.0,14.0,109146600,109146600
compute,1,1045,1492641947802.0,6.0,54885224,54885224
compute,1,1044,1492641946796.0,6.0,27624536,27624536
compute,1,1043,1492641945771.0,25.0,563345824,563345824
compute,1,1042,1492641944765.0,6.0,563345824,563345824
compute,1,1041,1492641943758.0,6.0,563345824,563345824
compute,1,1040,1492641942730.0,28.0,563345824,563345824
compute,1,1039,1492641940834.0,734.0,563345824,563345824
compute,1,1038,1492641939828.0,6.0,563345824,563345824
compute,1,1037,1492641938811.0,17.0,563345824,563345824
compute,1,1036,1492641937255.0,5.0,356680992,356680992
compute,1,1035,1492641936236.0,19.0,356680992,356680992
compute,1,1034,1492641934949.0,6.0,917500992,917500992
compute,1,1033,1492641933942.0,6.0,917500992,917500992
compute,1,1032,1492641932916.0,26.0,917500992,917500992
compute,1,1031,1492641931910.0,5.0,917500992,917500992
compute,1,1030,1492641930904.0,6.0,917500992,917500992
compute,1,1029,1492641929878.0,26.0,917500992,917500992
compute,1,1028,1492641928872.0,5.0,917500992,917500992
compute,1,1027,1492641927866.0,6.0,917500992,917500992
compute,1,1026,1492641926861.0,5.0,917500992,917500992
compute,1,1025,1492641924949.0,911.0,917500992,917500992
compute,1,1024,1492641923778.0,171.0,917500992,917500992
compute,1,1023,1492641920777.0,6.0,507547320,507547320
compute,1,1022,1492641919760.0,17.0,507547320,507547320
compute,1,1021,1492641918498.0,5.0,333487392,333487392
compute,1,1020,1492641917469.0,28.0,333487392,333487392
compute,1,1019,1492641916028.0,6.0,896225968,896225968
compute,1,1018,1492641915022.0,6.0,896225968,896225968
compute,1,1017,1492641913995.0,26.0,896225968,896225968
compute,1,1016,1492641912989.0,6.0,896225968,896225968
compute,1,1015,1492641911983.0,6.0,896225968,896225968
compute,1,1014,1492641910956.0,27.0,896225968,896225968
compute,1,1013,1492641909951.0,5.0,896225968,896225968
compute,1,1012,1492641908945.0,5.0,896225968,896225968
compute,1,1011,1492641907939.0,6.0,896225968,896225968
compute,1,1010,1492641906081.0,858.0,896225968,896225968
compute,1,1009,1492641905053.0,28.0,896225968,896225968
compute,1,1008,1492641901910.0,5.0,495825168,495825168
compute,1,1007,1492641900892.0,17.0,495825168,495825168
compute,1,1006,1492641899509.0,5.0,328686672,328686672
compute,1,1005,1492641898481.0,28.0,328686672,328686672
compute,1,1004,1492641897340.0,26.0,210009840,210009840
compute,1,1003,1492641896312.0,26.0,196241296,196241296
compute,1,1002,1492641895306.0,5.0,150680440,150680440
compute,1,1001,1492641894288.0,17.0,150680440,150680440
compute,1,1000,1492641893233.0,5.0,75827384,75827384
compute,1,999,1492641892224.0,8.0,75827384,75827384
compute,1,998,1492641891070.0,6.0,594609616,594609616
compute,1,997,1492641890044.0,26.0,594609616,594609616
compute,1,996,1492641889039.0,5.0,594609616,594609616
compute,1,995,1492641888033.0,5.0,594609616,594609616
compute,1,994,1492641887015.0,17.0,594609616,594609616
compute,1,993,1492641885267.0,658.0,594609616,594609616
compute,1,992,1492641884262.0,5.0,594609616,594609616
compute,1,991,1492641883236.0,26.0,594609616,594609616
compute,1,990,1492641881305.0,5.0,369265632,369265632
compute,1,989,1492641880277.0,27.0,369265632,369265632
compute,1,988,1492641878593.0,16.0,248622576,248622576
compute,1,987,1492641876985.0,25.0,188701520,188701520
compute,1,986,1492641875958.0,26.0,645847232,645847232
compute,1,985,1492641874952.0,5.0,645847232,645847232
compute,1,984,1492641873945.0,6.0,645847232,645847232
compute,1,983,1492641872919.0,26.0,645847232,645847232
compute,1,982,1492641871913.0,6.0,645847232,645847232
compute,1,981,1492641870907.0,6.0,645847232,645847232
compute,1,980,1492641869901.0,6.0,645847232,645847232
compute,1,979,1492641868875.0,26.0,645847232,645847232
compute,1,978,1492641867070.0,804.0,645847232,645847232
compute,1,977,1492641866064.0,6.0,645847232,645847232
compute,1,976,1492641865037.0,26.0,645847232,645847232
compute,1,975,1492641862911.0,5.0,386092368,386092368
compute,1,974,1492641861880.0,30.0,386092368,386092368
compute,1,973,1492641860074.0,17.0,264159216,264159216
compute,1,972,1492641858897.0,27.0,200429760,200429760
compute,1,971,1492641857251.0,6.0,744332272,744332272
compute,1,970,1492641856245.0,6.0,744332272,744332272
compute,1,969,1492641855219.0,26.0,744332272,744332272
compute,1,968,1492641854214.0,5.0,744332272,744332272
compute,1,967,1492641853208.0,5.0,744332272,744332272
compute,1,966,1492641852181.0,26.0,744332272,744332272
compute,1,965,1492641851175.0,5.0,744332272,744332272
compute,1,964,1492641849447.0,727.0,744332272,744332272
compute,1,963,1492641848156.0,291.0,744332272,744332272
compute,1,962,1492641847140.0,16.0,744332272,744332272
compute,1,961,1492641844818.0,6.0,411669072,411669072
compute,1,960,1492641843802.0,16.0,411669072,411669072
compute,1,959,1492641841943.0,18.0,293258208,293258208
compute,1,958,1492641840799.0,5.0,202677576,202677576
compute,1,957,1492641839771.0,27.0,195096904,195096904
compute,1,956,1492641838329.0,25.0,683189832,683189832
compute,1,955,1492641837324.0,5.0,683189832,683189832
compute,1,954,1492641836318.0,5.0,683189832,683189832
compute,1,953,1492641835312.0,6.0,683189832,683189832
compute,1,952,1492641834286.0,26.0,683189832,683189832
compute,1,951,1492641833280.0,5.0,683189832,683189832
compute,1,950,1492641832275.0,5.0,683189832,683189832
compute,1,949,1492641830372.0,902.0,683189832,683189832
compute,1,948,1492641829266.0,106.0,683189832,683189832
compute,1,947,1492641828225.0,26.0,683189832,683189832
compute,1,946,1492641826013.0,6.0,395706192,395706192
compute,1,945,1492641824992.0,21.0,395706192,395706192
compute,1,944,1492641823134.0,17.0,275683008,275683008
compute,1,943,1492641821934.0,6.0,201332320,201332320
compute,1,942,1492641820916.0,17.0,193782376,193782376
compute,1,941,1492641819815.0,6.0,119391296,119391296
compute,1,940,1492641818798.0,17.0,119391296,119391296
compute,1,939,1492641817688.0,6.0,614366408,614366408
compute,1,938,1492641816682.0,6.0,614366408,614366408
compute,1,937,1492641815656.0,26.0,614366408,614366408
compute,1,936,1492641814650.0,6.0,614366408,614366408
compute,1,935,1492641813645.0,5.0,614366408,614366408
compute,1,934,1492641812619.0,26.0,614366408,614366408
compute,1,933,1492641810972.0,637.0,614366408,614366408
compute,1,932,1492641809967.0,5.0,614366408,614366408
compute,1,931,1492641808939.0,27.0,614366408,614366408
compute,1,930,1492641806918.0,6.0,377935184,377935184
compute,1,929,1492641805897.0,21.0,377935184,377935184
compute,1,928,1492641804050.0,27.0,254207472,254207472
compute,1,927,1492641802937.0,18.0,199684376,199684376
compute,1,926,1492641801402.0,6.0,735512984,735512984
compute,1,925,1492641800376.0,26.0,735512984,735512984
compute,1,924,1492641799370.0,6.0,735512984,735512984
compute,1,923,1492641798364.0,6.0,735512984,735512984
compute,1,922,1492641797337.0,27.0,735512984,735512984
compute,1,921,1492641796331.0,6.0,735512984,735512984
compute,1,920,1492641795324.0,6.0,735512984,735512984
compute,1,919,1492641793489.0,835.0,735512984,735512984
compute,1,918,1492641792178.0,311.0,735512984,735512984
compute,1,917,1492641791161.0,17.0,735512984,735512984
compute,1,916,1492641788860.0,6.0,409252944,409252944
compute,1,915,1492641787842.0,18.0,409252944,409252944
compute,1,914,1492641785922.0,6.0,291728592,291728592
compute,1,913,1492641784916.0,6.0,202577280,202577280
compute,1,912,1492641783889.0,27.0,194995600,194995600
compute,1,911,1492641782863.0,25.0,134610520,134610520
compute,1,910,1492641781857.0,6.0,134610520,134610520
compute,1,909,1492641780852.0,5.0,67707960,67707960
compute,1,908,1492641779846.0,5.0,67707960,67707960
compute,1,907,1492641778840.0,6.0,590918824,590918824
compute,1,906,1492641777814.0,26.0,590918824,590918824
compute,1,905,1492641776807.0,6.0,590918824,590918824
compute,1,904,1492641775801.0,6.0,590918824,590918824
compute,1,903,1492641774773.0,27.0,590918824,590918824
compute,1,902,1492641772968.0,576.0,590918824,590918824
compute,1,901,1492641771962.0,6.0,590918824,590918824
compute,1,900,1492641770935.0,27.0,590918824,590918824
compute,1,899,1492641768938.0,5.0,368086944,368086944
compute,1,898,1492641767920.0,17.0,368086944,368086944
compute,1,897,1492641766406.0,26.0,244101552,244101552
compute,1,896,1492641765399.0,6.0,198899352,198899352
compute,1,895,1492641764393.0,6.0,476730256,476730256
compute,1,894,1492641763387.0,6.0,476730256,476730256
compute,1,893,1492641762382.0,5.0,476730256,476730256
compute,1,892,1492641761356.0,26.0,476730256,476730256
compute,1,891,1492641760351.0,5.0,476730256,476730256
compute,1,890,1492641759345.0,5.0,476730256,476730256
compute,1,889,1492641758328.0,17.0,476730256,476730256
compute,1,888,1492641755881.0,656.0,513410960,513410960
compute,1,887,1492641754558.0,322.0,513410960,513410960
compute,1,886,1492641753551.0,7.0,513410960,513410960
compute,1,885,1492641752534.0,17.0,513410960,513410960
compute,1,884,1492641751043.0,6.0,336233952,336233952
compute,1,883,1492641750024.0,19.0,336233952,336233952
compute,1,882,1492641748489.0,16.0,226404336,226404336
compute,1,881,1492641747458.0,27.0,197521632,197521632
compute,1,880,1492641746169.0,27.0,166757200,166757200
compute,1,879,1492641744942.0,6.0,635860144,635860144
compute,1,878,1492641743936.0,6.0,635860144,635860144
compute,1,877,1492641742911.0,25.0,635860144,635860144
compute,1,876,1492641741905.0,6.0,635860144,635860144
compute,1,875,1492641740900.0,5.0,635860144,635860144
compute,1,874,1492641739894.0,5.0,635860144,635860144
compute,1,873,1492641738868.0,25.0,635860144,635860144
compute,1,872,1492641737178.0,689.0,635860144,635860144
compute,1,871,1492641736173.0,5.0,635860144,635860144
compute,1,870,1492641735145.0,27.0,635860144,635860144
compute,1,869,1492641733079.0,6.0,383470416,383470416
compute,1,868,1492641732049.0,30.0,383470416,383470416
compute,1,867,1492641730271.0,27.0,260812272,260812272
compute,1,866,1492641729137.0,18.0,200175160,200175160
compute,1,865,1492641727558.0,25.0,741294536,741294536
compute,1,864,1492641726552.0,5.0,741294536,741294536
compute,1,863,1492641725546.0,6.0,741294536,741294536
compute,1,862,1492641724519.0,27.0,741294536,741294536
compute,1,861,1492641723514.0,5.0,741294536,741294536
compute,1,860,1492641722508.0,6.0,741294536,741294536
compute,1,859,1492641721503.0,5.0,741294536,741294536
compute,1,858,1492641719732.0,770.0,741294536,741294536
compute,1,857,1492641718452.0,280.0,741294536,741294536
compute,1,856,1492641717435.0,17.0,741294536,741294536
compute,1,855,1492641715106.0,6.0,410709584,410709584
compute,1,854,1492641714079.0,27.0,410709584,410709584
compute,1,853,1492641712269.0,7.0,288071424,288071424
compute,1,852,1492641711262.0,6.0,202304552,202304552
compute,1,851,1492641710256.0,6.0,194723232,194723232
compute,1,850,1492641709230.0,26.0,678630448,678630448
compute,1,849,1492641708225.0,5.0,678630448,678630448
compute,1,848,1492641707219.0,5.0,678630448,678630448
compute,1,847,1492641706213.0,6.0,678630448,678630448
compute,1,846,1492641705187.0,26.0,678630448,678630448
compute,1,845,1492641704181.0,6.0,678630448,678630448
compute,1,844,1492641703175.0,6.0,678630448,678630448
compute,1,843,1492641702149.0,26.0,678630448,678630448
compute,1,842,1492641700392.0,757.0,678630448,678630448
compute,1,841,1492641699305.0,87.0,678630448,678630448
compute,1,840,1492641698263.0,27.0,678630448,678630448
compute,1,839,1492641696070.0,6.0,394540880,394540880
compute,1,838,1492641695039.0,31.0,394540880,394540880
compute,1,837,1492641693521.0,26.0,265258416,265258416
compute,1,836,1492641692494.0,26.0,200515416,200515416
compute,1,835,1492641691488.0,5.0,192996224,192996224
compute,1,834,1492641690461.0,26.0,658873808,658873808
compute,1,833,1492641689456.0,5.0,658873808,658873808
compute,1,832,1492641688450.0,5.0,658873808,658873808
compute,1,831,1492641687424.0,25.0,658873808,658873808
compute,1,830,1492641686417.0,6.0,658873808,658873808
compute,1,829,1492641685411.0,6.0,658873808,658873808
compute,1,828,1492641684385.0,26.0,658873808,658873808
compute,1,827,1492641683379.0,6.0,658873808,658873808
compute,1,826,1492641681637.0,742.0,658873808,658873808
compute,1,825,1492641680632.0,5.0,658873808,658873808
compute,1,824,1492641679615.0,16.0,658873808,658873808
compute,1,823,1492641677457.0,5.0,389442640,389442640
compute,1,822,1492641676426.0,30.0,389442640,389442640
compute,1,821,1492641674634.0,28.0,267882480,267882480
compute,1,820,1492641673458.0,17.0,200727200,200727200
compute,1,819,1492641671964.0,5.0,747589080,747589080
compute,1,818,1492641670938.0,26.0,747589080,747589080
compute,1,817,1492641669932.0,6.0,747589080,747589080
compute,1,816,1492641668927.0,5.0,747589080,747589080
compute,1,815,1492641667901.0,26.0,747589080,747589080
compute,1,814,1492641666895.0,6.0,747589080,747589080
compute,1,813,1492641665889.0,6.0,747589080,747589080
compute,1,812,1492641664872.0,17.0,747589080,747589080
compute,1,811,1492641662794.0,481.0,747589080,747589080
compute,1,810,1492641661767.0,27.0,747589080,747589080
compute,1,809,1492641659454.0,6.0,413405968,413405968
compute,1,808,1492641658437.0,16.0,413405968,413405968
compute,1,807,1492641656487.0,27.0,294946272,294946272
compute,1,806,1492641655230.0,5.0,202824312,202824312
compute,1,805,1492641653854.0,374.0,138001456,195239256
compute,1,804,1492641652848.0,6.0,138001456,138001456
compute,1,803,1492641651843.0,5.0,622833744,622833744
compute,1,802,1492641650837.0,6.0,622833744,622833744
compute,1,801,1492641649832.0,5.0,622833744,622833744
compute,1,800,1492641648806.0,26.0,622833744,622833744
compute,1,799,1492641647801.0,5.0,622833744,622833744
compute,1,798,1492641646795.0,5.0,622833744,622833744
compute,1,797,1492641645780.0,15.0,622833744,622833744
compute,1,796,1492641644125.0,632.0,622833744,622833744
compute,1,795,1492641643119.0,6.0,622833744,622833744
compute,1,794,1492641642092.0,27.0,622833744,622833744
compute,1,793,1492641640034.0,6.0,380120144,380120144
compute,1,792,1492641639004.0,30.0,380120144,380120144
compute,1,791,1492641637191.0,17.0,257082864,257082864
compute,1,790,1492641635534.0,5.0,192350968,192350968
compute,1,789,1492641634528.0,5.0,651491928,651491928
compute,1,788,1492641633522.0,6.0,651491928,651491928
compute,1,787,1492641632517.0,5.0,651491928,651491928
compute,1,786,1492641631491.0,26.0,651491928,651491928
compute,1,785,1492641630485.0,6.0,651491928,651491928
compute,1,784,1492641629479.0,6.0,651491928,651491928
compute,1,783,1492641628453.0,26.0,651491928,651491928
compute,1,782,1492641627447.0,6.0,651491928,651491928
compute,1,781,1492641625707.0,740.0,651491928,651491928
compute,1,780,1492641624701.0,6.0,651491928,651491928
compute,1,779,1492641623673.0,27.0,651491928,651491928
compute,1,778,1492641621556.0,6.0,387549008,387549008
compute,1,777,1492641620525.0,30.0,387549008,387549008
compute,1,776,1492641618704.0,17.0,266043360,266043360
compute,1,775,1492641617458.0,16.0,200575832,200575832
compute,1,774,1492641616425.0,17.0,193025864,193025864
compute,1,773,1492641615098.0,5.0,109863112,109863112
compute,1,772,1492641614090.0,7.0,109863112,109863112
compute,1,771,1492641612960.0,6.0,55296664,55296664
compute,1,770,1492641611955.0,5.0,585272304,585272304
compute,1,769,1492641610929.0,25.0,585272304,585272304
compute,1,768,1492641609923.0,6.0,585272304,585272304
compute,1,767,1492641608918.0,5.0,585272304,585272304
compute,1,766,1492641607891.0,26.0,585272304,585272304
compute,1,765,1492641606088.0,576.0,585272304,585272304
compute,1,764,1492641605082.0,5.0,585272304,585272304
compute,1,763,1492641604055.0,26.0,585272304,585272304
compute,1,762,1492641602125.0,5.0,365724576,365724576
compute,1,761,1492641601108.0,16.0,365724576,365724576
compute,1,760,1492641599776.0,27.0,238003680,238003680
compute,1,759,1492641598749.0,6.0,198425760,198425760
compute,1,758,1492641597743.0,5.0,720966616,720966616
compute,1,757,1492641596737.0,5.0,720966616,720966616
compute,1,756,1492641595732.0,5.0,720966616,720966616
compute,1,755,1492641594706.0,25.0,720966616,720966616
compute,1,754,1492641593701.0,5.0,720966616,720966616
compute,1,753,1492641592694.0,7.0,720966616,720966616
compute,1,752,1492641591669.0,25.0,720966616,720966616
compute,1,751,1492641590663.0,5.0,720966616,720966616
compute,1,750,1492641588930.0,733.0,720966616,720966616
compute,1,749,1492641587702.0,228.0,720966616,720966616
compute,1,748,1492641586676.0,26.0,720966616,720966616
compute,1,747,1492641584586.0,5.0,405465680,405465680
compute,1,746,1492641583564.0,21.0,405465680,405465680
compute,1,745,1492641581744.0,18.0,287478816,287478816
compute,1,744,1492641580301.0,27.0,854324296,854324296
compute,1,743,1492641579294.0,6.0,854324296,854324296
compute,1,742,1492641578289.0,5.0,854324296,854324296
compute,1,741,1492641577263.0,25.0,854324296,854324296
compute,1,740,1492641576256.0,6.0,854324296,854324296
compute,1,739,1492641575250.0,6.0,854324296,854324296
compute,1,738,1492641574223.0,27.0,854324296,854324296
compute,1,737,1492641573216.0,7.0,854324296,854324296
compute,1,736,1492641572210.0,6.0,854324296,854324296
compute,1,735,1492641570531.0,679.0,854324296,854324296
compute,1,734,1492641569504.0,27.0,854324296,854324296
compute,1,733,1492641566631.0,5.0,472594728,472594728
compute,1,732,1492641565613.0,17.0,472594728,472594728
compute,1,731,1492641564372.0,5.0,318155232,318155232
compute,1,730,1492641563355.0,17.0,318155232,318155232
compute,1,729,1492641561897.0,27.0,213240816,213240816
compute,1,728,1492641560869.0,27.0,196503632,196503632
compute,1,727,1492641559490.0,6.0,153829512,153829512
compute,1,726,1492641558483.0,7.0,629998160,629998160
compute,1,725,1492641557457.0,26.0,629998160,629998160
compute,1,724,1492641556451.0,5.0,629998160,629998160
compute,1,723,1492641555445.0,5.0,629998160,629998160
compute,1,722,1492641554439.0,5.0,629998160,629998160
compute,1,721,1492641553412.0,26.0,629998160,629998160
compute,1,720,1492641552407.0,5.0,629998160,629998160
compute,1,719,1492641550596.0,810.0,629998160,629998160
compute,1,718,1492641549590.0,5.0,629998160,629998160
compute,1,717,1492641548572.0,17.0,629998160,629998160
compute,1,716,1492641546464.0,5.0,382013776,382013776
compute,1,715,1492641545433.0,30.0,382013776,382013776
compute,1,714,1492641543602.0,17.0,259366416,259366416
compute,1,713,1492641542372.0,27.0,200055640,200055640
compute,1,712,1492641540942.0,353.0,103605560,192535528
compute,1,711,1492641539937.0,5.0,103605560,103605560
compute,1,710,1492641538930.0,6.0,103605560,103605560
compute,1,709,1492641537924.0,6.0,607201968,607201968
compute,1,708,1492641536918.0,6.0,607201968,607201968
compute,1,707,1492641535892.0,26.0,607201968,607201968
compute,1,706,1492641534886.0,5.0,607201968,607201968
compute,1,705,1492641533880.0,5.0,607201968,607201968
compute,1,704,1492641532854.0,26.0,607201968,607201968
compute,1,703,1492641531114.0,596.0,607201968,607201968
compute,1,702,1492641530109.0,5.0,607201968,607201968
compute,1,701,1492641529081.0,27.0,607201968,607201968
compute,1,700,1492641527054.0,5.0,374699424,374699424
compute,1,699,1492641526037.0,16.0,374699424,374699424
compute,1,698,1492641524655.0,6.0,241473504,241473504
compute,1,697,1492641523648.0,6.0,198681360,198681360
compute,1,696,1492641522642.0,5.0,181606352,181606352
compute,1,695,1492641521637.0,5.0,642590456,642590456
compute,1,694,1492641520631.0,6.0,642590456,642590456
compute,1,693,1492641519605.0,26.0,642590456,642590456
compute,1,692,1492641518599.0,6.0,642590456,642590456
compute,1,691,1492641517594.0,5.0,642590456,642590456
compute,1,690,1492641516569.0,25.0,642590456,642590456
compute,1,689,1492641515563.0,5.0,642590456,642590456
compute,1,688,1492641514557.0,5.0,642590456,642590456
compute,1,687,1492641512843.0,713.0,642590456,642590456
compute,1,686,1492641511838.0,5.0,642590456,642590456
compute,1,685,1492641510811.0,27.0,642590456,642590456
compute,1,684,1492641508698.0,5.0,385218384,385218384
compute,1,683,1492641507677.0,20.0,385218384,385218384
compute,1,682,1492641505993.0,6.0,259361760,259361760
compute,1,681,1492641504987.0,6.0,200051208,200051208
compute,1,680,1492641503981.0,5.0,739991832,739991832
compute,1,679,1492641502954.0,26.0,739991832,739991832
compute,1,678,1492641501948.0,6.0,739991832,739991832
compute,1,677,1492641500942.0,6.0,739991832,739991832
compute,1,676,1492641499916.0,26.0,739991832,739991832
compute,1,675,1492641498910.0,6.0,739991832,739991832
compute,1,674,1492641497904.0,6.0,739991832,739991832
compute,1,673,1492641496898.0,6.0,739991832,739991832
compute,1,672,1492641495151.0,747.0,739991832,739991832
compute,1,671,1492641493889.0,261.0,739991832,739991832
compute,1,670,1492641492872.0,17.0,739991832,739991832
compute,1,669,1492641490562.0,6.0,410418256,410418256
compute,1,668,1492641489535.0,27.0,410418256,410418256
compute,1,667,1492641487598.0,27.0,292986336,292986336
compute,1,666,1492641486556.0,6.0,202644136,202644136
compute,1,665,1492641485550.0,5.0,769732352,769732352
compute,1,664,1492641484544.0,5.0,769732352,769732352
compute,1,663,1492641483517.0,26.0,769732352,769732352
compute,1,662,1492641482511.0,6.0,769732352,769732352
compute,1,661,1492641481505.0,6.0,769732352,769732352
compute,1,660,1492641480479.0,26.0,769732352,769732352
compute,1,659,1492641479473.0,6.0,769732352,769732352
compute,1,658,1492641478467.0,6.0,769732352,769732352
compute,1,657,1492641477440.0,27.0,769732352,769732352
compute,1,656,1492641475455.0,445.0,769732352,769732352
compute,1,655,1492641474437.0,17.0,769732352,769732352
compute,1,654,1492641471906.0,6.0,425781160,425781160
compute,1,653,1492641470887.0,18.0,425781160,425781160
compute,1,652,1492641468917.0,27.0,299938224,299938224
compute,1,651,1492641467743.0,27.0,203202752,203202752
compute,1,650,1492641466213.0,530.0,688834688,195609304
compute,1,649,1492641465205.0,6.0,688834688,688834688
compute,1,648,1492641464199.0,6.0,688834688,688834688
compute,1,647,1492641463173.0,26.0,688834688,688834688
compute,1,646,1492641462167.0,6.0,688834688,688834688
compute,1,645,1492641461161.0,6.0,688834688,688834688
compute,1,644,1492641460135.0,25.0,688834688,688834688
compute,1,643,1492641459129.0,6.0,688834688,688834688
compute,1,642,1492641457240.0,888.0,688834688,688834688
compute,1,641,1492641456135.0,105.0,688834688,688834688
compute,1,640,1492641455107.0,28.0,688834688,688834688
compute,1,639,1492641452896.0,5.0,397162832,397162832
compute,1,638,1492641451865.0,31.0,397162832,397162832
compute,1,637,1492641450150.0,17.0,277526448,277526448
compute,1,636,1492641448925.0,28.0,201459472,201459472
compute,1,635,1492641447509.0,6.0,669511856,669511856
compute,1,634,1492641446483.0,26.0,669511856,669511856
compute,1,633,1492641445477.0,6.0,669511856,669511856
compute,1,632,1492641444472.0,5.0,669511856,669511856
compute,1,631,1492641443446.0,26.0,669511856,669511856
compute,1,630,1492641442441.0,5.0,669511856,669511856
compute,1,629,1492641441434.0,6.0,669511856,669511856
compute,1,628,1492641440427.0,7.0,669511856,669511856
compute,1,627,1492641438488.0,939.0,669511856,669511856
compute,1,626,1492641437445.0,43.0,669511856,669511856
compute,1,625,1492641436428.0,17.0,669511856,669511856
compute,1,624,1492641434182.0,6.0,392210256,392210256
compute,1,623,1492641433160.0,21.0,392210256,392210256
compute,1,622,1492641431737.0,27.0,260745696,260745696
compute,1,621,1492641430709.0,27.0,200152240,200152240
compute,1,620,1492641429682.0,6.0,192633376,192633376
compute,1,619,1492641428676.0,5.0,271519040,271519040
compute,1,618,1492641427670.0,6.0,271519040,271519040
compute,1,617,1492641426644.0,26.0,271519040,271519040
compute,1,616,1492641425638.0,6.0,271519040,271519040
compute,1,615,1492641424633.0,5.0,271519040,271519040
compute,1,614,1492641423616.0,16.0,271519040,271519040
compute,1,613,1492641422235.0,6.0,533602128,533602128
compute,1,612,1492641420582.0,653.0,533602128,533602128
compute,1,611,1492641419189.0,393.0,533602128,533602128
compute,1,610,1492641418183.0,6.0,533602128,533602128
compute,1,609,1492641417156.0,27.0,533602128,533602128
compute,1,608,1492641415557.0,6.0,344615904,344615904
compute,1,607,1492641414541.0,16.0,344615904,344615904
compute,1,606,1492641412919.0,26.0,231640560,231640560
compute,1,605,1492641411758.0,26.0,197929864,197929864
compute,1,604,1492641410746.0,5.0,171876304,171876304
compute,1,603,1492641409739.0,6.0,86497424,86497424
compute,1,602,1492641408734.0,5.0,86497424,86497424
compute,1,601,1492641407708.0,26.0,112356232,112356232
compute,1,600,1492641406702.0,6.0,112356232,112356232
compute,1,599,1492641405696.0,6.0,112356232,112356232
compute,1,598,1492641404691.0,5.0,549232304,549232304
compute,1,597,1492641403685.0,5.0,549232304,549232304
compute,1,596,1492641402668.0,16.0,549232304,549232304
compute,1,595,1492641400713.0,502.0,549232304,549232304
compute,1,594,1492641399708.0,5.0,549232304,549232304
compute,1,593,1492641398691.0,17.0,549232304,549232304
compute,1,592,1492641397223.0,6.0,350597040,350597040
compute,1,591,1492641396194.0,28.0,350597040,350597040
compute,1,590,1492641394746.0,6.0,911858120,911858120
compute,1,589,1492641393720.0,26.0,911858120,911858120
compute,1,588,1492641392714.0,6.0,911858120,911858120
compute,1,587,1492641391709.0,5.0,911858120,911858120
compute,1,586,1492641390683.0,26.0,911858120,911858120
compute,1,585,1492641389677.0,6.0,911858120,911858120
compute,1,584,1492641388672.0,5.0,911858120,911858120
compute,1,583,1492641387666.0,6.0,911858120,911858120
compute,1,582,1492641386640.0,26.0,911858120,911858120
compute,1,581,1492641384789.0,850.0,911858120,911858120
compute,1,580,1492641383773.0,16.0,911858120,911858120
compute,1,579,1492641380521.0,5.0,504509696,504509696
compute,1,578,1492641379506.0,15.0,504509696,504509696
compute,1,577,1492641378043.0,5.0,332579808,332579808
compute,1,576,1492641377025.0,18.0,332579808,332579808
compute,1,575,1492641375594.0,27.0,223340016,223340016
compute,1,574,1492641374559.0,17.0,197283296,197283296
compute,1,573,1492641373095.0,6.0,423912208,423912208
compute,1,572,1492641372090.0,5.0,423912208,423912208
compute,1,571,1492641371064.0,26.0,423912208,423912208
compute,1,570,1492641370058.0,6.0,423912208,423912208
compute,1,569,1492641369053.0,5.0,423912208,423912208
compute,1,568,1492641368027.0,25.0,423912208,423912208
compute,1,567,1492641366254.0,17.0,518621592,518621592
compute,1,566,1492641364150.0,606.0,518621592,518621592
compute,1,565,1492641363144.0,6.0,518621592,518621592
compute,1,564,1492641362128.0,16.0,518621592,518621592
compute,1,563,1492641360621.0,6.0,338008032,338008032
compute,1,562,1492641359593.0,27.0,338008032,338008032
compute,1,561,1492641358047.0,27.0,227195376,227195376
compute,1,560,1492641357003.0,16.0,197589384,197589384
compute,1,559,1492641355751.0,27.0,167739024,167739024
compute,1,558,1492641354555.0,5.0,636294464,636294464
compute,1,557,1492641353549.0,6.0,636294464,636294464
compute,1,556,1492641352543.0,6.0,636294464,636294464
compute,1,555,1492641351538.0,5.0,636294464,636294464
compute,1,554,1492641350532.0,6.0,636294464,636294464
compute,1,553,1492641349526.0,5.0,636294464,636294464
compute,1,552,1492641348499.0,26.0,636294464,636294464
compute,1,551,1492641346813.0,685.0,636294464,636294464
compute,1,550,1492641345808.0,5.0,636294464,636294464
compute,1,549,1492641344791.0,16.0,636294464,636294464
compute,1,548,1492641342725.0,6.0,383616080,383616080
compute,1,547,1492641341695.0,30.0,383616080,383616080
compute,1,546,1492641339081.0,731.0,200203320,261008032
compute,1,545,1492641338075.0,5.0,192685200,192685200
compute,1,544,1492641337049.0,26.0,655399880,655399880
compute,1,543,1492641336044.0,5.0,655399880,655399880
compute,1,542,1492641335039.0,5.0,655399880,655399880
compute,1,541,1492641334033.0,5.0,655399880,655399880
compute,1,540,1492641333007.0,26.0,655399880,655399880
compute,1,539,1492641332001.0,6.0,655399880,655399880
compute,1,538,1492641330995.0,6.0,655399880,655399880
compute,1,537,1492641329969.0,25.0,655399880,655399880
compute,1,536,1492641328200.0,768.0,655399880,655399880
compute,1,535,1492641327195.0,5.0,655399880,655399880
compute,1,534,1492641326178.0,17.0,655399880,655399880
compute,1,533,1492641324052.0,6.0,388568656,388568656
compute,1,532,1492641323022.0,30.0,388568656,388568656
compute,1,531,1492641321176.0,27.0,266835936,266835936
compute,1,530,1492641319922.0,17.0,200646568,200646568
compute,1,529,1492641318868.0,16.0,193130752,193130752
compute,1,528,1492641317542.0,6.0,110700680,110700680
compute,1,527,1492641316528.0,14.0,110700680,110700680
compute,1,526,1492641315322.0,6.0,55716096,55716096
compute,1,525,1492641314299.0,23.0,28043768,28043768
compute,1,524,1492641313225.0,25.0,572898800,572898800
compute,1,523,1492641312219.0,5.0,572898800,572898800
compute,1,522,1492641311213.0,5.0,572898800,572898800
compute,1,521,1492641310196.0,16.0,572898800,572898800
compute,1,520,1492641308342.0,499.0,572898800,572898800
compute,1,519,1492641307337.0,5.0,572898800,572898800
compute,1,518,1492641306320.0,17.0,572898800,572898800
compute,1,517,1492641304490.0,5.0,360349152,360349152
compute,1,516,1492641303463.0,27.0,360349152,360349152
compute,1,515,1492641301751.0,28.0,242262000,242262000
compute,1,514,1492641300603.0,17.0,198746160,198746160
compute,1,513,1492641299348.0,26.0,182403960,182403960
compute,1,512,1492641298161.0,6.0,91764344,91764344
compute,1,511,1492641297156.0,5.0,91764344,91764344
compute,1,510,1492641296150.0,5.0,46179392,46179392
compute,1,509,1492641295124.0,6.0,23211216,23211216
compute,1,508,1492641294098.0,26.0,570727728,570727728
compute,1,507,1492641293092.0,6.0,570727728,570727728
compute,1,506,1492641292086.0,6.0,570727728,570727728
compute,1,505,1492641291059.0,27.0,570727728,570727728
compute,1,504,1492641289199.0,559.0,570727728,570727728
compute,1,503,1492641288194.0,5.0,570727728,570727728
compute,1,502,1492641287177.0,16.0,570727728,570727728
compute,1,501,1492641285362.0,5.0,359443920,359443920
compute,1,500,1492641284334.0,27.0,359443920,359443920
compute,1,499,1492641283318.0,6.0,226807776,226807776
compute,1,498,1492641282311.0,6.0,197566064,197566064
compute,1,497,1492641281284.0,26.0,432544440,432544440
compute,1,496,1492641280278.0,6.0,432544440,432544440
compute,1,495,1492641279272.0,6.0,432544440,432544440
compute,1,494,1492641278246.0,26.0,432544440,432544440
compute,1,493,1492641277240.0,6.0,432544440,432544440
compute,1,492,1492641276235.0,5.0,432544440,432544440
compute,1,491,1492641275209.0,26.0,432544440,432544440
compute,1,490,1492641272822.0,649.0,517753160,517753160
compute,1,489,1492641271360.0,462.0,517753160,517753160
compute,1,488,1492641270354.0,6.0,517753160,517753160
compute,1,487,1492641269327.0,27.0,517753160,517753160
compute,1,486,1492641267811.0,5.0,338207232,338207232
compute,1,485,1492641266805.0,5.0,338207232,338207232
compute,1,484,1492641265798.0,6.0,213828624,213828624
compute,1,483,1492641264793.0,5.0,196531512,196531512
compute,1,482,1492641263766.0,26.0,699473088,699473088
compute,1,481,1492641262760.0,6.0,699473088,699473088
compute,1,480,1492641261754.0,6.0,699473088,699473088
compute,1,479,1492641260749.0,5.0,699473088,699473088
compute,1,478,1492641259722.0,26.0,699473088,699473088
compute,1,477,1492641258716.0,6.0,699473088,699473088
compute,1,476,1492641257710.0,6.0,699473088,699473088
compute,1,475,1492641256684.0,25.0,699473088,699473088
compute,1,474,1492641254887.0,796.0,699473088,699473088
compute,1,473,1492641253764.0,123.0,699473088,699473088
compute,1,472,1492641252746.0,17.0,699473088,699473088
compute,1,471,1492641250506.0,5.0,399930448,399930448
compute,1,470,1492641249485.0,21.0,399930448,399930448
compute,1,469,1492641247648.0,17.0,280795152,280795152
compute,1,468,1492641246384.0,26.0,201706176,201706176
compute,1,467,1492641245379.0,5.0,194159008,194159008
compute,1,466,1492641244374.0,5.0,124135640,124135640
compute,1,465,1492641243363.0,11.0,124135640,124135640
compute,1,464,1492641242046.0,6.0,616537504,616537504
compute,1,463,1492641241040.0,6.0,616537504,616537504
compute,1,462,1492641240014.0,26.0,616537504,616537504
compute,1,461,1492641239009.0,5.0,616537504,616537504
compute,1,460,1492641238002.0,6.0,616537504,616537504
compute,1,459,1492641236986.0,16.0,616537504,616537504
compute,1,458,1492641235334.0,628.0,616537504,616537504
compute,1,457,1492641234328.0,6.0,616537504,616537504
compute,1,456,1492641233310.0,17.0,616537504,616537504
compute,1,455,1492641231269.0,5.0,378517840,378517840
compute,1,454,1492641230248.0,20.0,378517840,378517840
compute,1,453,1492641228322.0,27.0,254832096,254832096
compute,1,452,1492641227104.0,27.0,199695688,199695688
compute,1,451,1492641225952.0,17.0,192208288,192208288
compute,1,450,1492641224597.0,5.0,99520400,99520400
compute,1,449,1492641223591.0,5.0,99520400,99520400
compute,1,448,1492641222564.0,26.0,50044880,50044880
compute,1,447,1492641221558.0,6.0,582885736,582885736
compute,1,446,1492641220533.0,25.0,582885736,582885736
compute,1,445,1492641219527.0,6.0,582885736,582885736
compute,1,444,1492641218520.0,6.0,582885736,582885736
compute,1,443,1492641217493.0,26.0,582885736,582885736
compute,1,442,1492641215721.0,725.0,582885736,582885736
compute,1,441,1492641214716.0,5.0,582885736,582885736
compute,1,440,1492641213688.0,28.0,582885736,582885736
compute,1,439,1492641211901.0,6.0,364672944,364672944
compute,1,438,1492641210882.0,19.0,364672944,364672944
compute,1,437,1492641209298.0,18.0,245602800,245602800
compute,1,436,1492641208126.0,6.0,815896080,815896080
compute,1,435,1492641207121.0,5.0,815896080,815896080
compute,1,434,1492641206095.0,26.0,815896080,815896080
compute,1,433,1492641205089.0,5.0,815896080,815896080
compute,1,432,1492641204082.0,6.0,815896080,815896080
compute,1,431,1492641203057.0,25.0,815896080,815896080
compute,1,430,1492641202051.0,5.0,815896080,815896080
compute,1,429,1492641201045.0,5.0,815896080,815896080
compute,1,428,1492641200017.0,27.0,815896080,815896080
compute,1,427,1492641198254.0,589.0,815896080,815896080
compute,1,426,1492641197227.0,27.0,815896080,815896080
compute,1,425,1492641194582.0,5.0,451318048,451318048
compute,1,424,1492641193565.0,17.0,451318048,451318048
compute,1,423,1492641192449.0,5.0,309100512,309100512
compute,1,422,1492641191419.0,29.0,309100512,309100512
compute,1,421,1492641190059.0,27.0,205758960,205758960
compute,1,420,1492641189031.0,27.0,195927416,195927416
compute,1,419,1492641187678.0,6.0,146595624,146595624
compute,1,418,1492641186652.0,26.0,626741664,626741664
compute,1,417,1492641185647.0,5.0,626741664,626741664
compute,1,416,1492641184640.0,6.0,626741664,626741664
compute,1,415,1492641183615.0,25.0,626741664,626741664
compute,1,414,1492641182609.0,5.0,626741664,626741664
compute,1,413,1492641181602.0,6.0,626741664,626741664
compute,1,412,1492641180576.0,26.0,626741664,626741664
compute,1,411,1492641178912.0,664.0,626741664,626741664
compute,1,410,1492641177906.0,5.0,626741664,626741664
compute,1,409,1492641176889.0,16.0,626741664,626741664
compute,1,408,1492641174861.0,5.0,381139792,381139792
compute,1,407,1492641173830.0,30.0,381139792,381139792
compute,1,406,1492641172023.0,27.0,258056688,258056688
compute,1,405,1492641170903.0,26.0,199984744,199984744
compute,1,404,1492641169425.0,25.0,738906392,738906392
compute,1,403,1492641168419.0,6.0,738906392,738906392
compute,1,402,1492641167414.0,5.0,738906392,738906392
compute,1,401,1492641166408.0,6.0,738906392,738906392
compute,1,400,1492641165382.0,26.0,738906392,738906392
compute,1,399,1492641164376.0,6.0,738906392,738906392
compute,1,398,1492641163371.0,5.0,738906392,738906392
compute,1,397,1492641161597.0,774.0,738906392,738906392
compute,1,396,1492641160264.0,333.0,738906392,738906392
compute,1,395,1492641159248.0,16.0,738906392,738906392
compute,1,394,1492641156934.0,6.0,410126928,410126928
compute,1,393,1492641155907.0,27.0,410126928,410126928
compute,1,392,1492641154039.0,27.0,292317168,292317168
compute,1,391,1492641153033.0,5.0,202606672,202606672
compute,1,390,1492641152027.0,5.0,769215984,769215984
compute,1,389,1492641150999.0,26.0,769215984,769215984
compute,1,388,1492641149973.0,26.0,769215984,769215984
compute,1,387,1492641148967.0,6.0,769215984,769215984
compute,1,386,1492641147961.0,6.0,769215984,769215984
compute,1,385,1492641146935.0,26.0,769215984,769215984
compute,1,384,1492641145929.0,6.0,769215984,769215984
compute,1,383,1492641144924.0,5.0,769215984,769215984
compute,1,382,1492641143898.0,26.0,769215984,769215984
compute,1,381,1492641141925.0,499.0,769215984,769215984
compute,1,380,1492641140897.0,28.0,769215984,769215984
compute,1,379,1492641138469.0,6.0,425480336,425480336
compute,1,378,1492641137442.0,27.0,425480336,425480336
compute,1,377,1492641136397.0,5.0,300188640,300188640
compute,1,376,1492641135379.0,17.0,300188640,300188640
compute,1,375,1492641134172.0,5.0,203207664,203207664
compute,1,374,1492641133165.0,6.0,195627544,195627544
compute,1,373,1492641132160.0,5.0,142787144,142787144
compute,1,372,1492641131153.0,7.0,142787144,142787144
compute,1,371,1492641130032.0,26.0,71837848,71837848
compute,1,370,1492641129026.0,6.0,36127112,36127112
compute,1,369,1492641128000.0,26.0,18177000,18177000
compute,1,368,1492641126974.0,26.0,562260576,562260576
compute,1,367,1492641125967.0,6.0,562260576,562260576
compute,1,366,1492641124961.0,6.0,562260576,562260576
compute,1,365,1492641123934.0,26.0,562260576,562260576
compute,1,364,1492641122047.0,538.0,562260576,562260576
compute,1,363,1492641121041.0,6.0,562260576,562260576
compute,1,362,1492641120014.0,27.0,562260576,562260576
compute,1,361,1492641118266.0,5.0,355974624,355974624
compute,1,360,1492641117239.0,26.0,355974624,355974624
compute,1,359,1492641115683.0,18.0,239265264,239265264
compute,1,358,1492641114605.0,17.0,198497752,198497752
compute,1,357,1492641113070.0,26.0,722052104,722052104
compute,1,356,1492641112064.0,6.0,722052104,722052104
compute,1,355,1492641111057.0,7.0,722052104,722052104
compute,1,354,1492641110031.0,26.0,722052104,722052104
compute,1,353,1492641109025.0,6.0,722052104,722052104
compute,1,352,1492641108018.0,6.0,722052104,722052104
compute,1,351,1492641106992.0,26.0,722052104,722052104
compute,1,350,1492641105195.0,796.0,722052104,722052104
compute,1,349,1492641103847.0,348.0,722052104,722052104
compute,1,348,1492641102830.0,17.0,722052104,722052104
compute,1,347,1492641100558.0,5.0,405757008,405757008
compute,1,346,1492641099537.0,21.0,405757008,405757008
compute,1,345,1492641097651.0,17.0,287673264,287673264
compute,1,344,1492641096601.0,6.0,202232424,202232424
compute,1,343,1492641095595.0,6.0,194684072,194684072
compute,1,342,1492641094589.0,5.0,337712648,337712648
compute,1,341,1492641093583.0,6.0,337712648,337712648
compute,1,340,1492641092557.0,26.0,337712648,337712648
compute,1,339,1492641091551.0,6.0,337712648,337712648
compute,1,338,1492641090546.0,5.0,337712648,337712648
compute,1,337,1492641089529.0,17.0,337712648,337712648
compute,1,336,1492641088478.0,6.0,527088784,527088784
compute,1,335,1492641086793.0,684.0,527088784,527088784
compute,1,334,1492641085386.0,407.0,527088784,527088784
compute,1,333,1492641084381.0,5.0,527088784,527088784
compute,1,332,1492641083353.0,27.0,527088784,527088784
compute,1,331,1492641081853.0,6.0,341471712,341471712
compute,1,330,1492641080826.0,27.0,341471712,341471712
compute,1,329,1492641079581.0,6.0,223187952,223187952
compute,1,328,1492641078575.0,6.0,795486224,795486224
compute,1,327,1492641077569.0,6.0,795486224,795486224
compute,1,326,1492641076544.0,25.0,795486224,795486224
compute,1,325,1492641075538.0,5.0,795486224,795486224
compute,1,324,1492641074532.0,6.0,795486224,795486224
compute,1,323,1492641073506.0,26.0,795486224,795486224
compute,1,322,1492641072500.0,6.0,795486224,795486224
compute,1,321,1492641071495.0,5.0,795486224,795486224
compute,1,320,1492641070467.0,27.0,795486224,795486224
compute,1,319,1492641068570.0,474.0,795486224,795486224
compute,1,318,1492641067553.0,17.0,795486224,795486224
compute,1,317,1492641065088.0,6.0,440026656,440026656
compute,1,316,1492641064062.0,25.0,440026656,440026656
compute,1,315,1492641063056.0,6.0,306147312,306147312
compute,1,314,1492641062038.0,18.0,306147312,306147312
compute,1,313,1492641060593.0,6.0,871258616,871258616
compute,1,312,1492641059567.0,26.0,871258616,871258616
compute,1,311,1492641058562.0,5.0,871258616,871258616
compute,1,310,1492641057556.0,5.0,871258616,871258616
compute,1,309,1492641056530.0,25.0,871258616,871258616
compute,1,308,1492641055524.0,6.0,871258616,871258616
compute,1,307,1492641054518.0,6.0,871258616,871258616
compute,1,306,1492641053513.0,5.0,871258616,871258616
compute,1,305,1492641052487.0,26.0,871258616,871258616
compute,1,304,1492641050702.0,784.0,871258616,871258616
compute,1,303,1492641049684.0,18.0,871258616,871258616
compute,1,302,1492641046636.0,5.0,481930248,481930248
compute,1,301,1492641045610.0,26.0,481930248,481930248
compute,1,300,1492641044297.0,6.0,323333088,323333088
compute,1,299,1492641043279.0,18.0,323333088,323333088
compute,1,298,1492641041902.0,7.0,217239024,217239024
compute,1,297,1492641040875.0,27.0,196807376,196807376
compute,1,296,1492641039491.0,5.0,408268488,408268488
compute,1,295,1492641038485.0,6.0,408268488,408268488
compute,1,294,1492641037459.0,26.0,408268488,408268488
compute,1,293,1492641036452.0,7.0,408268488,408268488
compute,1,292,1492641035447.0,5.0,408268488,408268488
compute,1,291,1492641034430.0,16.0,408268488,408268488
compute,1,290,1492641031849.0,654.0,520141488,520141488
compute,1,289,1492641030433.0,415.0,520141488,520141488
compute,1,288,1492641029428.0,5.0,520141488,520141488
compute,1,287,1492641028400.0,27.0,520141488,520141488
compute,1,286,1492641026863.0,5.0,338988960,338988960
compute,1,285,1492641025845.0,17.0,338988960,338988960
compute,1,284,1492641024823.0,6.0,213823968,213823968
compute,1,283,1492641023817.0,6.0,196524968,196524968
compute,1,282,1492641022811.0,5.0,699473016,699473016
compute,1,281,1492641021805.0,5.0,699473016,699473016
compute,1,280,1492641020779.0,26.0,699473016,699473016
compute,1,279,1492641019774.0,5.0,699473016,699473016
compute,1,278,1492641018767.0,7.0,699473016,699473016
compute,1,277,1492641017741.0,26.0,699473016,699473016
compute,1,276,1492641016735.0,5.0,699473016,699473016
compute,1,275,1492641015729.0,5.0,699473016,699473016
compute,1,274,1492641013914.0,814.0,699473016,699473016
compute,1,273,1492641012766.0,148.0,699473016,699473016
compute,1,272,1492641011749.0,17.0,699473016,699473016
compute,1,271,1492641009506.0,6.0,399930448,399930448
compute,1,270,1492641008485.0,21.0,399930448,399930448
compute,1,269,1492641006554.0,28.0,280477104,280477104
compute,1,268,1492641004848.0,26.0,194158920,194158920
compute,1,267,1492641003822.0,26.0,671900072,671900072
compute,1,266,1492641002817.0,5.0,671900072,671900072
compute,1,265,1492641001811.0,6.0,671900072,671900072
compute,1,264,1492641000805.0,6.0,671900072,671900072
compute,1,263,1492640999779.0,26.0,671900072,671900072
compute,1,262,1492640998774.0,5.0,671900072,671900072
compute,1,261,1492640997768.0,5.0,671900072,671900072
compute,1,260,1492640996742.0,25.0,671900072,671900072
compute,1,259,1492640994938.0,803.0,671900072,671900072
compute,1,258,1492640993846.0,92.0,671900072,671900072
compute,1,257,1492640992819.0,27.0,671900072,671900072
compute,1,256,1492640990651.0,6.0,392792912,392792912
compute,1,255,1492640989628.0,22.0,392792912,392792912
compute,1,254,1492640987807.0,28.0,271829424,271829424
compute,1,253,1492640986602.0,27.0,201026104,201026104
compute,1,252,1492640985180.0,27.0,664518456,664518456
compute,1,251,1492640984174.0,6.0,664518456,664518456
compute,1,250,1492640983169.0,5.0,664518456,664518456
compute,1,249,1492640982163.0,5.0,664518456,664518456
compute,1,248,1492640981137.0,25.0,664518456,664518456
compute,1,247,1492640980131.0,6.0,664518456,664518456
compute,1,246,1492640979125.0,6.0,664518456,664518456
compute,1,245,1492640978099.0,26.0,664518456,664518456
compute,1,244,1492640976293.0,806.0,664518456,664518456
compute,1,243,1492640975131.0,162.0,664518456,664518456
compute,1,242,1492640974113.0,17.0,664518456,664518456
compute,1,241,1492640971940.0,6.0,390899280,390899280
compute,1,240,1492640970909.0,31.0,390899280,390899280
compute,1,239,1492640969068.0,18.0,269975568,269975568
compute,1,238,1492640967818.0,17.0,200855728,200855728
compute,1,237,1492640966774.0,17.0,193338536,193338536
compute,1,236,1492640965525.0,5.0,113801832,113801832
compute,1,235,1492640964517.0,7.0,113801832,113801832
compute,1,234,1492640963328.0,6.0,57278304,57278304
compute,1,233,1492640962322.0,6.0,586142264,586142264
compute,1,232,1492640961296.0,26.0,586142264,586142264
compute,1,231,1492640960290.0,6.0,586142264,586142264
compute,1,230,1492640959285.0,5.0,586142264,586142264
compute,1,229,1492640958267.0,17.0,586142264,586142264
compute,1,228,1492640956418.0,519.0,586142264,586142264
compute,1,227,1492640955413.0,5.0,586142264,586142264
compute,1,226,1492640954396.0,16.0,586142264,586142264
compute,1,225,1492640952487.0,6.0,365724624,365724624
compute,1,224,1492640951459.0,28.0,365724624,365724624
compute,1,223,1492640950192.0,27.0,236430816,236430816
compute,1,222,1492640949186.0,6.0,198267672,198267672
compute,1,221,1492640948159.0,26.0,457091520,457091520
compute,1,220,1492640947153.0,6.0,457091520,457091520
compute,1,219,1492640946147.0,5.0,457091520,457091520
compute,1,218,1492640945121.0,26.0,457091520,457091520
compute,1,217,1492640944115.0,6.0,457091520,457091520
compute,1,216,1492640943109.0,6.0,457091520,457091520
compute,1,215,1492640942092.0,16.0,457091520,457091520
compute,1,214,1492640939685.0,808.0,515365024,515365024
compute,1,213,1492640938302.0,383.0,515365024,515365024
compute,1,212,1492640937296.0,5.0,515365024,515365024
compute,1,211,1492640936268.0,27.0,515365024,515365024
compute,1,210,1492640934722.0,5.0,337023456,337023456
compute,1,209,1492640933703.0,18.0,337023456,337023456
compute,1,208,1492640932161.0,27.0,225622512,225622512
compute,1,207,1492640931135.0,26.0,197465304,197465304
compute,1,206,1492640929751.0,17.0,166241640,166241640
compute,1,205,1492640928529.0,6.0,635643000,635643000
compute,1,204,1492640927523.0,6.0,635643000,635643000
compute,1,203,1492640926498.0,25.0,635643000,635643000
compute,1,202,1492640925491.0,6.0,635643000,635643000
compute,1,201,1492640924485.0,6.0,635643000,635643000
compute,1,200,1492640923459.0,26.0,635643000,635643000
compute,1,199,1492640922453.0,6.0,635643000,635643000
compute,1,198,1492640920741.0,712.0,635643000,635643000
compute,1,197,1492640919735.0,5.0,635643000,635643000
compute,1,196,1492640918718.0,16.0,635643000,635643000
compute,1,195,1492640916571.0,6.0,383470416,383470416
compute,1,194,1492640915552.0,19.0,383470416,383470416
compute,1,193,1492640913680.0,28.0,260733360,260733360
compute,1,192,1492640912531.0,5.0,200135592,200135592
compute,1,191,1492640911503.0,27.0,192650944,192650944
compute,1,190,1492640910256.0,6.0,105014424,105014424
compute,1,189,1492640909250.0,6.0,105014424,105014424
compute,1,188,1492640908244.0,6.0,607853184,607853184
compute,1,187,1492640907239.0,5.0,607853184,607853184
compute,1,186,1492640906213.0,25.0,607853184,607853184
compute,1,185,1492640905207.0,6.0,607853184,607853184
compute,1,184,1492640904201.0,5.0,607853184,607853184
compute,1,183,1492640903174.0,27.0,607853184,607853184
compute,1,182,1492640901479.0,609.0,607853184,607853184
compute,1,181,1492640900473.0,6.0,607853184,607853184
compute,1,180,1492640899445.0,27.0,607853184,607853184
compute,1,179,1492640897509.0,6.0,374887392,374887392
compute,1,178,1492640896478.0,30.0,374887392,374887392
compute,1,177,1492640894883.0,27.0,252081648,252081648
compute,1,176,1492640893715.0,6.0,821973496,821973496
compute,1,175,1492640892708.0,6.0,821973496,821973496
compute,1,174,1492640891682.0,26.0,821973496,821973496
compute,1,173,1492640890676.0,6.0,821973496,821973496
compute,1,172,1492640889670.0,6.0,821973496,821973496
compute,1,171,1492640888643.0,27.0,821973496,821973496
compute,1,170,1492640887638.0,5.0,821973496,821973496
compute,1,169,1492640886632.0,5.0,821973496,821973496
compute,1,168,1492640885604.0,27.0,821973496,821973496
compute,1,167,1492640883839.0,596.0,821973496,821973496
compute,1,166,1492640882823.0,16.0,821973496,821973496
compute,1,165,1492640880128.0,5.0,454572976,454572976
compute,1,164,1492640879101.0,26.0,454572976,454572976
compute,1,163,1492640877930.0,6.0,312137184,312137184
compute,1,162,1492640876913.0,17.0,312137184,312137184
compute,1,161,1492640875584.0,28.0,209385456,209385456
compute,1,160,1492640874567.0,17.0,196194832,196194832
compute,1,159,1492640873266.0,6.0,388494432,388494432
compute,1,158,1492640872260.0,6.0,388494432,388494432
compute,1,157,1492640871234.0,26.0,388494432,388494432
compute,1,156,1492640870228.0,6.0,388494432,388494432
compute,1,155,1492640869222.0,5.0,388494432,388494432
compute,1,154,1492640868195.0,26.0,388494432,388494432
compute,1,153,1492640865559.0,740.0,522095376,522095376
compute,1,152,1492640864215.0,344.0,522095376,522095376
compute,1,151,1492640863209.0,5.0,522095376,522095376
compute,1,150,1492640862192.0,16.0,522095376,522095376
compute,1,149,1492640860629.0,6.0,339774384,339774384
compute,1,148,1492640859611.0,17.0,339774384,339774384
compute,1,147,1492640858073.0,18.0,228765168,228765168
compute,1,146,1492640857018.0,17.0,197710936,197710936
compute,1,145,1492640855715.0,16.0,169108352,169108352
compute,1,144,1492640854537.0,5.0,636945624,636945624
compute,1,143,1492640853531.0,6.0,636945624,636945624
compute,1,142,1492640852506.0,5.0,636945624,636945624
compute,1,141,1492640851500.0,6.0,636945624,636945624
compute,1,140,1492640850494.0,6.0,636945624,636945624
compute,1,139,1492640849467.0,26.0,636945624,636945624
compute,1,138,1492640848461.0,6.0,636945624,636945624
compute,1,137,1492640846708.0,752.0,636945624,636945624
compute,1,136,1492640845702.0,6.0,636945624,636945624
compute,1,135,1492640844685.0,17.0,636945624,636945624
compute,1,134,1492640842586.0,5.0,383761744,383761744
compute,1,133,1492640841564.0,21.0,383761744,383761744
compute,1,132,1492640839687.0,26.0,261137376,261137376
compute,1,131,1492640838523.0,5.0,200213752,200213752
compute,1,130,1492640837496.0,27.0,192695176,192695176
compute,1,129,1492640836093.0,5.0,105521944,105521944
compute,1,128,1492640835067.0,26.0,105521944,105521944
compute,1,127,1492640834061.0,6.0,608068656,608068656
compute,1,126,1492640833055.0,6.0,608068656,608068656
compute,1,125,1492640832029.0,26.0,608068656,608068656
compute,1,124,1492640831023.0,6.0,608068656,608068656
compute,1,123,1492640830017.0,6.0,608068656,608068656
compute,1,122,1492640828999.0,18.0,608068656,608068656
compute,1,121,1492640827273.0,665.0,608068656,608068656
compute,1,120,1492640826268.0,5.0,608068656,608068656
compute,1,119,1492640825240.0,27.0,608068656,608068656
compute,1,118,1492640823220.0,5.0,375094224,375094224
compute,1,117,1492640822202.0,17.0,375094224,375094224
compute,1,116,1492640820534.0,17.0,252681696,252681696
compute,1,115,1492640819423.0,5.0,199523520,199523520
compute,1,114,1492640818394.0,28.0,192036752,192036752
compute,1,113,1492640817090.0,5.0,97402824,97402824
compute,1,112,1492640816064.0,26.0,97402824,97402824
compute,1,111,1492640815057.0,6.0,604379416,604379416
compute,1,110,1492640814051.0,6.0,604379416,604379416
compute,1,109,1492640813025.0,26.0,604379416,604379416
compute,1,108,1492640812018.0,6.0,604379416,604379416
compute,1,107,1492640811012.0,6.0,604379416,604379416
compute,1,106,1492640809984.0,28.0,604379416,604379416
compute,1,105,1492640808255.0,595.0,604379416,604379416
compute,1,104,1492640807250.0,5.0,604379416,604379416
compute,1,103,1492640806222.0,27.0,604379416,604379416
compute,1,102,1492640804194.0,6.0,373595184,373595184
compute,1,101,1492640803176.0,18.0,373595184,373595184
compute,1,100,1492640801928.0,6.0,238601280,238601280
compute,1,99,1492640800921.0,6.0,198434056,198434056
compute,1,98,1492640799916.0,5.0,721400944,721400944
compute,1,97,1492640798909.0,6.0,721400944,721400944
compute,1,96,1492640797883.0,26.0,721400944,721400944
compute,1,95,1492640796878.0,5.0,721400944,721400944
compute,1,94,1492640795872.0,6.0,721400944,721400944
compute,1,93,1492640794866.0,6.0,721400944,721400944
compute,1,92,1492640793840.0,26.0,721400944,721400944
compute,1,91,1492640792834.0,6.0,721400944,721400944
compute,1,90,1492640790939.0,895.0,721400944,721400944
compute,1,89,1492640789713.0,226.0,721400944,721400944
compute,1,88,1492640788686.0,27.0,721400944,721400944
compute,1,87,1492640786404.0,6.0,405611344,405611344
compute,1,86,1492640785383.0,21.0,405611344,405611344
compute,1,85,1492640783525.0,27.0,287206416,287206416
compute,1,84,1492640782345.0,7.0,202201512,202201512
compute,1,83,1492640781319.0,26.0,194653336,194653336
compute,1,82,1492640780312.0,6.0,130399048,130399048
compute,1,81,1492640779286.0,26.0,130399048,130399048
compute,1,80,1492640778280.0,5.0,65598272,65598272
compute,1,79,1492640777254.0,26.0,65598272,65598272
compute,1,78,1492640776178.0,6.0,16589888,16589888
compute,1,77,1492640775153.0,25.0,563997336,563997336
compute,1,76,1492640774146.0,6.0,563997336,563997336
compute,1,75,1492640773140.0,6.0,563997336,563997336
compute,1,74,1492640772123.0,16.0,563997336,563997336
compute,1,73,1492640770209.0,529.0,563997336,563997336
compute,1,72,1492640769204.0,5.0,563997336,563997336
compute,1,71,1492640768187.0,16.0,563997336,563997336
compute,1,70,1492640766416.0,5.0,356609376,356609376
compute,1,69,1492640765388.0,28.0,356609376,356609376
compute,1,68,1492640763722.0,17.0,240095040,240095040
compute,1,67,1492640762541.0,17.0,198551760,198551760
compute,1,66,1492640761498.0,6.0,180292792,180292792
compute,1,65,1492640760492.0,6.0,90725440,90725440
compute,1,64,1492640759467.0,25.0,90725440,90725440
compute,1,63,1492640758461.0,6.0,601340080,601340080
compute,1,62,1492640757455.0,6.0,601340080,601340080
compute,1,61,1492640756429.0,26.0,601340080,601340080
compute,1,60,1492640755423.0,6.0,601340080,601340080
compute,1,59,1492640754417.0,6.0,601340080,601340080
compute,1,58,1492640753389.0,27.0,601340080,601340080
compute,1,57,1492640751664.0,646.0,601340080,601340080
compute,1,56,1492640750658.0,6.0,601340080,601340080
compute,1,55,1492640749631.0,27.0,601340080,601340080
compute,1,54,1492640747651.0,6.0,371904576,371904576
compute,1,53,1492640746622.0,28.0,371904576,371904576
compute,1,52,1492640744993.0,28.0,250081824,250081824
compute,1,51,1492640743876.0,28.0,199344392,199344392
compute,1,50,1492640742298.0,6.0,731605080,731605080
compute,1,49,1492640741292.0,6.0,731605080,731605080
compute,1,48,1492640740266.0,26.0,731605080,731605080
compute,1,47,1492640739260.0,5.0,731605080,731605080
compute,1,46,1492640738254.0,5.0,731605080,731605080
compute,1,45,1492640737248.0,6.0,731605080,731605080
compute,1,44,1492640736222.0,26.0,731605080,731605080
compute,1,43,1492640734434.0,787.0,731605080,731605080
compute,1,42,1492640733173.0,261.0,731605080,731605080
compute,1,41,1492640732155.0,17.0,731605080,731605080
compute,1,40,1492640729872.0,7.0,408233296,408233296
compute,1,39,1492640728841.0,31.0,408233296,408233296
compute,1,38,1492640726811.0,19.0,290685600,290685600
compute,1,37,1492640725449.0,27.0,202468968,202468968
compute,1,36,1492640724351.0,18.0,194921136,194921136
compute,1,35,1492640722880.0,5.0,133583120,133583120
compute,1,34,1492640721854.0,25.0,67187824,67187824
compute,1,33,1492640720847.0,6.0,67187824,67187824
compute,1,32,1492640719841.0,6.0,33780784,33780784
compute,1,31,1492640718835.0,6.0,4272240,4272240
compute,1,30,1492640717829.0,6.0,96016,96016
compute,1,29,1492640716823.0,6.0,96016,96016
compute,1,28,1492640715817.0,6.0,96016,96016
compute,1,27,1492640714811.0,6.0,96016,96016
compute,1,26,1492640713805.0,5.0,96016,96016
compute,1,25,1492640712799.0,6.0,96016,96016
compute,1,24,1492640711793.0,6.0,96016,96016
compute,1,23,1492640710787.0,6.0,96016,96016
compute,1,22,1492640709781.0,6.0,96016,96016
compute,1,21,1492640708775.0,6.0,96016,96016
compute,1,20,1492640707769.0,6.0,96016,96016
compute,1,19,1492640706763.0,6.0,96016,96016
compute,1,18,1492640705757.0,6.0,96016,96016
compute,1,17,1492640704751.0,6.0,96016,96016
compute,1,16,1492640703745.0,6.0,96016,96016
compute,1,15,1492640702739.0,6.0,96016,96016
compute,1,14,1492640701733.0,6.0,96016,96016
compute,1,13,1492640700727.0,6.0,96016,96016
compute,1,12,1492640699721.0,6.0,96016,96016
compute,1,11,1492640698716.0,5.0,96016,96016
compute,1,10,1492640697710.0,5.0,96016,96016
compute,1,9,1492640696704.0,5.0,96016,96016
compute,1,8,1492640695698.0,5.0,96016,96016
compute,1,7,1492640694692.0,5.0,96016,96016
compute,1,6,1492640693686.0,5.0,96016,96016
compute,1,5,1492640692680.0,5.0,96016,96016
compute,1,4,1492640691674.0,5.0,96016,96016
compute,1,3,1492640690668.0,6.0,96016,96016
compute,1,2,1492640689662.0,5.0,96016,96016
compute,1,1,1492640688655.0,7.0,0,96016
