compute,1,1100,1491493078736.00,,7,1232626072,1232626072
compute,1,1099,1491493077710.00,,26,1232626072,1232626072
compute,1,1098,1491493076703.00,,6,1232626072,1232626072
compute,1,1097,1491493075697.00,,6,1232626072,1232626072
compute,1,1096,1491493074678.00,,18,1232626072,1232626072
compute,1,1095,1491493072271.00,,6,1032600208,1032600208
compute,1,1094,1491493071264.00,,7,1032600208,1032600208
compute,1,1093,1491493070237.00,,27,1032600208,1032600208
compute,1,1092,1491493069231.00,,6,1032600208,1032600208
compute,1,1091,1491493068224.00,,6,1032600208,1032600208
compute,1,1090,1491493067197.00,,26,1032600208,1032600208
compute,1,1089,1491493066189.00,,7,1032600208,1032600208
compute,1,1088,1491493065171.00,,18,1032600208,1032600208
compute,1,1087,1491493062738.00,,27,931258912,931258912
compute,1,1086,1491493061732.00,,6,931258912,931258912
compute,1,1085,1491493060726.00,,6,931258912,931258912
compute,1,1084,1491493059698.00,,27,931258912,931258912
compute,1,1083,1491493058692.00,,6,931258912,931258912
compute,1,1082,1491493057685.00,,6,931258912,931258912
compute,1,1081,1491493056668.00,,17,931258912,931258912
compute,1,1080,1491493055013.00,,7,879842672,879842672
compute,1,1079,1491493053986.00,,27,879842672,879842672
compute,1,1078,1491493052979.00,,7,879842672,879842672
compute,1,1077,1491493051972.00,,6,879842672,879842672
compute,1,1076,1491493050944.00,,27,879842672,879842672
compute,1,1075,1491493049937.00,,7,879842672,879842672
compute,1,1074,1491493048908.00,,28,879842672,879842672
compute,1,1073,1491493047448.00,,7,853706112,853706112
compute,1,1072,1491493046421.00,,27,853706112,853706112
compute,1,1071,1491493045415.00,,6,853706112,853706112
compute,1,1070,1491493044409.00,,6,853706112,853706112
compute,1,1069,1491493043383.00,,26,853706112,853706112
compute,1,1068,1491493042377.00,,5,853706112,853706112
compute,1,1067,1491493039957.00,,1419,840578952,853706112
compute,1,1066,1491493038950.00,,6,840578952,840578952
compute,1,1065,1491493037944.00,,6,840578952,840578952
compute,1,1064,1491493036918.00,,26,840578952,840578952
compute,1,1063,1491493035912.00,,6,840578952,840578952
compute,1,1062,1491493034906.00,,6,840578952,840578952
compute,1,1061,1491493033879.00,,27,840578952,840578952
compute,1,1060,1491493031542.00,,27,833883488,833883488
compute,1,1059,1491493030534.00,,7,833883488,833883488
compute,1,1058,1491493029508.00,,26,833883488,833883488
compute,1,1057,1491493028501.00,,6,833883488,833883488
compute,1,1056,1491493027495.00,,6,833883488,833883488
compute,1,1055,1491493026467.00,,27,833883488,833883488
compute,1,1054,1491493024215.00,,27,830554408,830554408
compute,1,1053,1491493023209.00,,6,830554408,830554408
compute,1,1052,1491493022203.00,,5,830554408,830554408
compute,1,1051,1491493021175.00,,27,830554408,830554408
compute,1,1050,1491493020168.00,,7,830554408,830554408
compute,1,1049,1491493019140.00,,28,830554408,830554408
compute,1,1048,1491493016903.00,,27,828795320,828795320
compute,1,1047,1491493015896.00,,7,828795320,828795320
compute,1,1046,1491493014869.00,,27,828795320,828795320
compute,1,1045,1491493013863.00,,6,828795320,828795320
compute,1,1044,1491493012856.00,,6,828795320,828795320
compute,1,1043,1491493011828.00,,28,828795320,828795320
compute,1,1042,1491493009468.00,,27,1235881456,1235881456
compute,1,1041,1491493008461.00,,7,1235881456,1235881456
compute,1,1040,1491493007434.00,,26,1235881456,1235881456
compute,1,1039,1491493006427.00,,7,1235881456,1235881456
compute,1,1038,1491493005421.00,,6,1235881456,1235881456
compute,1,1037,1491493004394.00,,26,1235881456,1235881456
compute,1,1036,1491493003387.00,,6,1235881456,1235881456
compute,1,1035,1491493002381.00,,6,1235881456,1235881456
compute,1,1034,1491493001363.00,,17,1235881456,1235881456
compute,1,1033,1491492999208.00,,7,1442230152,1442230152
compute,1,1032,1491492998182.00,,26,1442230152,1442230152
compute,1,1031,1491492997175.00,,6,1442230152,1442230152
compute,1,1030,1491492996169.00,,6,1442230152,1442230152
compute,1,1029,1491492995142.00,,27,1442230152,1442230152
compute,1,1028,1491492994136.00,,6,1442230152,1442230152
compute,1,1027,1491492993130.00,,6,1442230152,1442230152
compute,1,1026,1491492992102.00,,27,1442230152,1442230152
compute,1,1025,1491492991096.00,,6,1442230152,1442230152
compute,1,1024,1491492990090.00,,6,1442230152,1442230152
compute,1,1023,1491492989072.00,,18,1442230152,1442230152
compute,1,1022,1491492986543.00,,6,1546640000,1546640000
compute,1,1021,1491492985537.00,,6,1546640000,1546640000
compute,1,1020,1491492984510.00,,26,1546640000,1546640000
compute,1,1019,1491492983503.00,,7,1546640000,1546640000
compute,1,1018,1491492982497.00,,6,1546640000,1546640000
compute,1,1017,1491492981470.00,,27,1546640000,1546640000
compute,1,1016,1491492980464.00,,6,1546640000,1546640000
compute,1,1015,1491492979458.00,,6,1546640000,1546640000
compute,1,1014,1491492978431.00,,27,1546640000,1546640000
compute,1,1013,1491492977425.00,,6,1546640000,1546640000
compute,1,1012,1491492976419.00,,5,1546640000,1546640000
compute,1,1011,1491492975391.00,,27,1546640000,1546640000
compute,1,1010,1491492972467.00,,6,1191608464,1191608464
compute,1,1009,1491492971462.00,,5,1191608464,1191608464
compute,1,1008,1491492970435.00,,26,1191608464,1191608464
compute,1,1007,1491492969428.00,,7,1191608464,1191608464
compute,1,1006,1491492968422.00,,6,1191608464,1191608464
compute,1,1005,1491492967416.00,,6,1191608464,1191608464
compute,1,1004,1491492966389.00,,27,1191608464,1191608464
compute,1,1003,1491492965382.00,,6,1191608464,1191608464
compute,1,1002,1491492964354.00,,28,1191608464,1191608464
compute,1,1001,1491492962270.00,,6,1419722648,1419722648
compute,1,1000,1491492961243.00,,26,1419722648,1419722648
compute,1,999,1491492960236.00,,6,1419722648,1419722648
compute,1,998,1491492959230.00,,6,1419722648,1419722648
compute,1,997,1491492958204.00,,26,1419722648,1419722648
compute,1,996,1491492957198.00,,5,1419722648,1419722648
compute,1,995,1491492956192.00,,6,1419722648,1419722648
compute,1,994,1491492955165.00,,26,1419722648,1419722648
compute,1,993,1491492954158.00,,6,1419722648,1419722648
compute,1,992,1491492953151.00,,6,1419722648,1419722648
compute,1,991,1491492952124.00,,27,1419722648,1419722648
compute,1,990,1491492948916.00,,6,1535308776,1535308776
compute,1,989,1491492947889.00,,26,1535308776,1535308776
compute,1,988,1491492946883.00,,6,1535308776,1535308776
compute,1,987,1491492945877.00,,6,1535308776,1535308776
compute,1,986,1491492944849.00,,27,1535308776,1535308776
compute,1,985,1491492943843.00,,6,1535308776,1535308776
compute,1,984,1491492942837.00,,6,1535308776,1535308776
compute,1,983,1491492941830.00,,7,1535308776,1535308776
compute,1,982,1491492940823.00,,7,1535308776,1535308776
compute,1,981,1491492939817.00,,6,1535308776,1535308776
compute,1,980,1491492938790.00,,26,1535308776,1535308776
compute,1,979,1491492935437.00,,5,1593721136,1593721136
compute,1,978,1491492934430.00,,6,1593721136,1593721136
compute,1,977,1491492933404.00,,26,1593721136,1593721136
compute,1,976,1491492932398.00,,5,1593721136,1593721136
compute,1,975,1491492931391.00,,6,1593721136,1593721136
compute,1,974,1491492930365.00,,26,1593721136,1593721136
compute,1,973,1491492929358.00,,6,1593721136,1593721136
compute,1,972,1491492928351.00,,7,1593721136,1593721136
compute,1,971,1491492927324.00,,27,1593721136,1593721136
compute,1,970,1491492926317.00,,7,1593721136,1593721136
compute,1,969,1491492925311.00,,6,1593721136,1593721136
compute,1,968,1491492924284.00,,27,1593721136,1593721136
compute,1,967,1491492920708.00,,6,1215465120,1215465120
compute,1,966,1491492919701.00,,6,1215465120,1215465120
compute,1,965,1491492918674.00,,27,1215465120,1215465120
compute,1,964,1491492917668.00,,6,1215465120,1215465120
compute,1,963,1491492916662.00,,6,1215465120,1215465120
compute,1,962,1491492915656.00,,6,1215465120,1215465120
compute,1,961,1491492914649.00,,6,1215465120,1215465120
compute,1,960,1491492913643.00,,6,1215465120,1215465120
compute,1,959,1491492912625.00,,18,1215465120,1215465120
compute,1,958,1491492910402.00,,6,1023852016,1023852016
compute,1,957,1491492909374.00,,27,1023852016,1023852016
compute,1,956,1491492908367.00,,7,1023852016,1023852016
compute,1,955,1491492907361.00,,6,1023852016,1023852016
compute,1,954,1491492906334.00,,26,1023852016,1023852016
compute,1,953,1491492905328.00,,6,1023852016,1023852016
compute,1,952,1491492904321.00,,6,1023852016,1023852016
compute,1,951,1491492903294.00,,27,1023852016,1023852016
compute,1,950,1491492900982.00,,6,926661824,926661824
compute,1,949,1491492899956.00,,26,926661824,926661824
compute,1,948,1491492898949.00,,6,926661824,926661824
compute,1,947,1491492897943.00,,6,926661824,926661824
compute,1,946,1491492896917.00,,26,926661824,926661824
compute,1,945,1491492895910.00,,6,926661824,926661824
compute,1,944,1491492894881.00,,28,926661824,926661824
compute,1,943,1491492893198.00,,27,1285435424,1285435424
compute,1,942,1491492892191.00,,7,1285435424,1285435424
compute,1,941,1491492891184.00,,7,1285435424,1285435424
compute,1,940,1491492890158.00,,26,1285435424,1285435424
compute,1,939,1491492889151.00,,7,1285435424,1285435424
compute,1,938,1491492888145.00,,6,1285435424,1285435424
compute,1,937,1491492887118.00,,27,1285435424,1285435424
compute,1,936,1491492886112.00,,6,1285435424,1285435424
compute,1,935,1491492885105.00,,7,1285435424,1285435424
compute,1,934,1491492884079.00,,26,1285435424,1285435424
compute,1,933,1491492881402.00,,6,1467438584,1467438584
compute,1,932,1491492880375.00,,26,1467438584,1467438584
compute,1,931,1491492879369.00,,6,1467438584,1467438584
compute,1,930,1491492878363.00,,5,1467438584,1467438584
compute,1,929,1491492877336.00,,26,1467438584,1467438584
compute,1,928,1491492876330.00,,6,1467438584,1467438584
compute,1,927,1491492875323.00,,6,1467438584,1467438584
compute,1,926,1491492874317.00,,6,1467438584,1467438584
compute,1,925,1491492873310.00,,6,1467438584,1467438584
compute,1,924,1491492872303.00,,6,1467438584,1467438584
compute,1,923,1491492871275.00,,28,1467438584,1467438584
compute,1,922,1491492868719.00,,6,1559507752,1559507752
compute,1,921,1491492867712.00,,7,1559507752,1559507752
compute,1,920,1491492866686.00,,26,1559507752,1559507752
compute,1,919,1491492865680.00,,6,1559507752,1559507752
compute,1,918,1491492864675.00,,5,1559507752,1559507752
compute,1,917,1491492863648.00,,26,1559507752,1559507752
compute,1,916,1491492862642.00,,6,1559507752,1559507752
compute,1,915,1491492861635.00,,6,1559507752,1559507752
compute,1,914,1491492860609.00,,26,1559507752,1559507752
compute,1,913,1491492859602.00,,6,1559507752,1559507752
compute,1,912,1491492858596.00,,6,1559507752,1559507752
compute,1,911,1491492857568.00,,27,1559507752,1559507752
compute,1,910,1491492854082.00,,6,1606140720,1606140720
compute,1,909,1491492853076.00,,6,1606140720,1606140720
compute,1,908,1491492852049.00,,26,1606140720,1606140720
compute,1,907,1491492851042.00,,6,1606140720,1606140720
compute,1,906,1491492850036.00,,6,1606140720,1606140720
compute,1,905,1491492849009.00,,27,1606140720,1606140720
compute,1,904,1491492848003.00,,6,1606140720,1606140720
compute,1,903,1491492846997.00,,5,1606140720,1606140720
compute,1,902,1491492845970.00,,26,1606140720,1606140720
compute,1,901,1491492844964.00,,6,1606140720,1606140720
compute,1,900,1491492843957.00,,6,1606140720,1606140720
compute,1,899,1491492842929.00,,28,1606140720,1606140720
compute,1,898,1491492839374.00,,5,1221714496,1221714496
compute,1,897,1491492838368.00,,5,1221714496,1221714496
compute,1,896,1491492837341.00,,26,1221714496,1221714496
compute,1,895,1491492836335.00,,6,1221714496,1221714496
compute,1,894,1491492835329.00,,6,1221714496,1221714496
compute,1,893,1491492834302.00,,26,1221714496,1221714496
compute,1,892,1491492833295.00,,6,1221714496,1221714496
compute,1,891,1491492832289.00,,6,1221714496,1221714496
compute,1,890,1491492831272.00,,17,1221714496,1221714496
compute,1,889,1491492828806.00,,6,1026848464,1026848464
compute,1,888,1491492827780.00,,26,1026848464,1026848464
compute,1,887,1491492826773.00,,6,1026848464,1026848464
compute,1,886,1491492825766.00,,6,1026848464,1026848464
compute,1,885,1491492824740.00,,26,1026848464,1026848464
compute,1,884,1491492823734.00,,6,1026848464,1026848464
compute,1,883,1491492822728.00,,6,1026848464,1026848464
compute,1,882,1491492821709.00,,18,1026848464,1026848464
compute,1,881,1491492819533.00,,27,928199400,928199400
compute,1,880,1491492818527.00,,6,928199400,928199400
compute,1,879,1491492817521.00,,5,928199400,928199400
compute,1,878,1491492816494.00,,27,928199400,928199400
compute,1,877,1491492815487.00,,7,928199400,928199400
compute,1,876,1491492814481.00,,6,928199400,928199400
compute,1,875,1491492813463.00,,17,928199400,928199400
compute,1,874,1491492811690.00,,26,1286298976,1286298976
compute,1,873,1491492810683.00,,6,1286298976,1286298976
compute,1,872,1491492809677.00,,6,1286298976,1286298976
compute,1,871,1491492808651.00,,26,1286298976,1286298976
compute,1,870,1491492807644.00,,6,1286298976,1286298976
compute,1,869,1491492806638.00,,6,1286298976,1286298976
compute,1,868,1491492805631.00,,6,1286298976,1286298976
compute,1,867,1491492804625.00,,6,1286298976,1286298976
compute,1,866,1491492803619.00,,5,1286298976,1286298976
compute,1,865,1491492802600.00,,18,1286298976,1286298976
compute,1,864,1491492799877.00,,6,1059682768,1059682768
compute,1,863,1491492798850.00,,26,1059682768,1059682768
compute,1,862,1491492797844.00,,6,1059682768,1059682768
compute,1,861,1491492796837.00,,6,1059682768,1059682768
compute,1,860,1491492795811.00,,26,1059682768,1059682768
compute,1,859,1491492794804.00,,6,1059682768,1059682768
compute,1,858,1491492793797.00,,6,1059682768,1059682768
compute,1,857,1491492792769.00,,27,1059682768,1059682768
compute,1,856,1491492790375.00,,26,1352936824,1352936824
compute,1,855,1491492789369.00,,6,1352936824,1352936824
compute,1,854,1491492788362.00,,6,1352936824,1352936824
compute,1,853,1491492787336.00,,26,1352936824,1352936824
compute,1,852,1491492786328.00,,7,1352936824,1352936824
compute,1,851,1491492785322.00,,6,1352936824,1352936824
compute,1,850,1491492784295.00,,26,1352936824,1352936824
compute,1,849,1491492783289.00,,6,1352936824,1352936824
compute,1,848,1491492782283.00,,6,1352936824,1352936824
compute,1,847,1491492781264.00,,18,1352936824,1352936824
compute,1,846,1491492778435.00,,6,1093448392,1093448392
compute,1,845,1491492777409.00,,26,1093448392,1093448392
compute,1,844,1491492776402.00,,6,1093448392,1093448392
compute,1,843,1491492775396.00,,6,1093448392,1093448392
compute,1,842,1491492774370.00,,25,1093448392,1093448392
compute,1,841,1491492773363.00,,6,1093448392,1093448392
compute,1,840,1491492772357.00,,6,1093448392,1093448392
compute,1,839,1491492771329.00,,28,1093448392,1093448392
compute,1,838,1491492768582.00,,7,961927808,961927808
compute,1,837,1491492767555.00,,27,961927808,961927808
compute,1,836,1491492766549.00,,6,961927808,961927808
compute,1,835,1491492765541.00,,7,961927808,961927808
compute,1,834,1491492764535.00,,6,961927808,961927808
compute,1,833,1491492763528.00,,6,961927808,961927808
compute,1,832,1491492762510.00,,18,961927808,961927808
compute,1,831,1491492760586.00,,26,1303311168,1303311168
compute,1,830,1491492759579.00,,6,1303311168,1303311168
compute,1,829,1491492758572.00,,7,1303311168,1303311168
compute,1,828,1491492757545.00,,27,1303311168,1303311168
compute,1,827,1491492756539.00,,6,1303311168,1303311168
compute,1,826,1491492755532.00,,6,1303311168,1303311168
compute,1,825,1491492754526.00,,6,1303311168,1303311168
compute,1,824,1491492753499.00,,26,1303311168,1303311168
compute,1,823,1491492752493.00,,6,1303311168,1303311168
compute,1,822,1491492751474.00,,18,1303311168,1303311168
compute,1,821,1491492748955.00,,6,1476114952,1476114952
compute,1,820,1491492747948.00,,7,1476114952,1476114952
compute,1,819,1491492746922.00,,26,1476114952,1476114952
compute,1,818,1491492745915.00,,6,1476114952,1476114952
compute,1,817,1491492744908.00,,7,1476114952,1476114952
compute,1,816,1491492743901.00,,6,1476114952,1476114952
compute,1,815,1491492742894.00,,7,1476114952,1476114952
compute,1,814,1491492741868.00,,26,1476114952,1476114952
compute,1,813,1491492740842.00,,26,1476114952,1476114952
compute,1,812,1491492739835.00,,6,1476114952,1476114952
compute,1,811,1491492738816.00,,18,1476114952,1476114952
compute,1,810,1491492735894.00,,6,1563921880,1563921880
compute,1,809,1491492734888.00,,6,1563921880,1563921880
compute,1,808,1491492733860.00,,27,1563921880,1563921880
compute,1,807,1491492732854.00,,6,1563921880,1563921880
compute,1,806,1491492731848.00,,6,1563921880,1563921880
compute,1,805,1491492730821.00,,26,1563921880,1563921880
compute,1,804,1491492729814.00,,6,1563921880,1563921880
compute,1,803,1491492728808.00,,6,1563921880,1563921880
compute,1,802,1491492727782.00,,26,1563921880,1563921880
compute,1,801,1491492726775.00,,6,1563921880,1563921880
compute,1,800,1491492725769.00,,6,1563921880,1563921880
compute,1,799,1491492724751.00,,18,1563921880,1563921880
compute,1,798,1491492721454.00,,5,1200363248,1200363248
compute,1,797,1491492720447.00,,6,1200363248,1200363248
compute,1,796,1491492719420.00,,27,1200363248,1200363248
compute,1,795,1491492718414.00,,6,1200363248,1200363248
compute,1,794,1491492717408.00,,6,1200363248,1200363248
compute,1,793,1491492716381.00,,26,1200363248,1200363248
compute,1,792,1491492715374.00,,7,1200363248,1200363248
compute,1,791,1491492714368.00,,6,1200363248,1200363248
compute,1,790,1491492713350.00,,17,1200363248,1200363248
compute,1,789,1491492711132.00,,6,1016155184,1016155184
compute,1,788,1491492710125.00,,6,1016155184,1016155184
compute,1,787,1491492709099.00,,26,1016155184,1016155184
compute,1,786,1491492708092.00,,6,1016155184,1016155184
compute,1,785,1491492707086.00,,6,1016155184,1016155184
compute,1,784,1491492706058.00,,27,1016155184,1016155184
compute,1,783,1491492705052.00,,6,1016155184,1016155184
compute,1,782,1491492704034.00,,17,1016155184,1016155184
compute,1,781,1491492701850.00,,26,1330837376,1330837376
compute,1,780,1491492700844.00,,5,1330837376,1330837376
compute,1,779,1491492699838.00,,6,1330837376,1330837376
compute,1,778,1491492698812.00,,26,1330837376,1330837376
compute,1,777,1491492697804.00,,7,1330837376,1330837376
compute,1,776,1491492696798.00,,6,1330837376,1330837376
compute,1,775,1491492695771.00,,27,1330837376,1330837376
compute,1,774,1491492694765.00,,6,1330837376,1330837376
compute,1,773,1491492693758.00,,6,1330837376,1330837376
compute,1,772,1491492692741.00,,17,1330837376,1330837376
compute,1,771,1491492689871.00,,6,1082344376,1082344376
compute,1,770,1491492688864.00,,6,1082344376,1082344376
compute,1,769,1491492687838.00,,26,1082344376,1082344376
compute,1,768,1491492686831.00,,6,1082344376,1082344376
compute,1,767,1491492685824.00,,6,1082344376,1082344376
compute,1,766,1491492684796.00,,27,1082344376,1082344376
compute,1,765,1491492683790.00,,6,1082344376,1082344376
compute,1,764,1491492682763.00,,26,1082344376,1082344376
compute,1,763,1491492680122.00,,26,956432768,956432768
compute,1,762,1491492679116.00,,5,956432768,956432768
compute,1,761,1491492678110.00,,6,956432768,956432768
compute,1,760,1491492677103.00,,6,956432768,956432768
compute,1,759,1491492676076.00,,27,956432768,956432768
compute,1,758,1491492675069.00,,6,956432768,956432768
compute,1,757,1491492674051.00,,18,956432768,956432768
compute,1,756,1491492672126.00,,6,1300509448,1300509448
compute,1,755,1491492671099.00,,27,1300509448,1300509448
compute,1,754,1491492670092.00,,7,1300509448,1300509448
compute,1,753,1491492669085.00,,6,1300509448,1300509448
compute,1,752,1491492668058.00,,27,1300509448,1300509448
compute,1,751,1491492667052.00,,6,1300509448,1300509448
compute,1,750,1491492666045.00,,7,1300509448,1300509448
compute,1,749,1491492665018.00,,26,1300509448,1300509448
compute,1,748,1491492664010.00,,7,1300509448,1300509448
compute,1,747,1491492662991.00,,18,1300509448,1300509448
compute,1,746,1491492660345.00,,7,1474996152,1474996152
compute,1,745,1491492659338.00,,6,1474996152,1474996152
compute,1,744,1491492658331.00,,6,1474996152,1474996152
compute,1,743,1491492657324.00,,6,1474996152,1474996152
compute,1,742,1491492656318.00,,6,1474996152,1474996152
compute,1,741,1491492655311.00,,6,1474996152,1474996152
compute,1,740,1491492654305.00,,6,1474996152,1474996152
compute,1,739,1491492653298.00,,6,1474996152,1474996152
compute,1,738,1491492652291.00,,7,1474996152,1474996152
compute,1,737,1491492651285.00,,6,1474996152,1474996152
compute,1,736,1491492650257.00,,27,1474996152,1474996152
compute,1,735,1491492647359.00,,6,1563252200,1563252200
compute,1,734,1491492646353.00,,5,1563252200,1563252200
compute,1,733,1491492645325.00,,27,1563252200,1563252200
compute,1,732,1491492644319.00,,6,1563252200,1563252200
compute,1,731,1491492643313.00,,6,1563252200,1563252200
compute,1,730,1491492642286.00,,26,1563252200,1563252200
compute,1,729,1491492641280.00,,6,1563252200,1563252200
compute,1,728,1491492640273.00,,6,1563252200,1563252200
compute,1,727,1491492639246.00,,27,1563252200,1563252200
compute,1,726,1491492638239.00,,6,1563252200,1563252200
compute,1,725,1491492637233.00,,6,1563252200,1563252200
compute,1,724,1491492636216.00,,17,1563252200,1563252200
compute,1,723,1491492632919.00,,27,1199918392,1199918392
compute,1,722,1491492631913.00,,6,1199918392,1199918392
compute,1,721,1491492630906.00,,6,1199918392,1199918392
compute,1,720,1491492629879.00,,27,1199918392,1199918392
compute,1,719,1491492628872.00,,7,1199918392,1199918392
compute,1,718,1491492627865.00,,6,1199918392,1199918392
compute,1,717,1491492626838.00,,27,1199918392,1199918392
compute,1,716,1491492625831.00,,6,1199918392,1199918392
compute,1,715,1491492624803.00,,28,1199918392,1199918392
compute,1,714,1491492622730.00,,5,1015934800,1015934800
compute,1,713,1491492621703.00,,26,1015934800,1015934800
compute,1,712,1491492620697.00,,5,1015934800,1015934800
compute,1,711,1491492619690.00,,6,1015934800,1015934800
compute,1,710,1491492618664.00,,25,1015934800,1015934800
compute,1,709,1491492617657.00,,6,1015934800,1015934800
compute,1,708,1491492616650.00,,6,1015934800,1015934800
compute,1,707,1491492615633.00,,17,1015934800,1015934800
compute,1,706,1491492613568.00,,26,1330729160,1330729160
compute,1,705,1491492612562.00,,6,1330729160,1330729160
compute,1,704,1491492611555.00,,7,1330729160,1330729160
compute,1,703,1491492610528.00,,26,1330729160,1330729160
compute,1,702,1491492609521.00,,7,1330729160,1330729160
compute,1,701,1491492608515.00,,6,1330729160,1330729160
compute,1,700,1491492607488.00,,26,1330729160,1330729160
compute,1,699,1491492606482.00,,6,1330729160,1330729160
compute,1,698,1491492605475.00,,6,1330729160,1330729160
compute,1,697,1491492604447.00,,28,1330729160,1330729160
compute,1,696,1491492601271.00,,5,1490295240,1490295240
compute,1,695,1491492600244.00,,27,1490295240,1490295240
compute,1,694,1491492599238.00,,6,1490295240,1490295240
compute,1,693,1491492598232.00,,5,1490295240,1490295240
compute,1,692,1491492597205.00,,26,1490295240,1490295240
compute,1,691,1491492596198.00,,6,1490295240,1490295240
compute,1,690,1491492595192.00,,6,1490295240,1490295240
compute,1,689,1491492594165.00,,26,1490295240,1490295240
compute,1,688,1491492593159.00,,5,1490295240,1490295240
compute,1,687,1491492592153.00,,5,1490295240,1490295240
compute,1,686,1491492591135.00,,17,1490295240,1490295240
compute,1,685,1491492588564.00,,5,1162974584,1162974584
compute,1,684,1491492587557.00,,6,1162974584,1162974584
compute,1,683,1491492586530.00,,27,1162974584,1162974584
compute,1,682,1491492585523.00,,6,1162974584,1162974584
compute,1,681,1491492584517.00,,6,1162974584,1162974584
compute,1,680,1491492583491.00,,26,1162974584,1162974584
compute,1,679,1491492582484.00,,6,1162974584,1162974584
compute,1,678,1491492581478.00,,6,1162974584,1162974584
compute,1,677,1491492580450.00,,28,1162974584,1162974584
compute,1,676,1491492578426.00,,6,997167056,997167056
compute,1,675,1491492577419.00,,6,997167056,997167056
compute,1,674,1491492576392.00,,27,997167056,997167056
compute,1,673,1491492575385.00,,7,997167056,997167056
compute,1,672,1491492574379.00,,6,997167056,997167056
compute,1,671,1491492573351.00,,27,997167056,997167056
compute,1,670,1491492572344.00,,7,997167056,997167056
compute,1,669,1491492571327.00,,17,997167056,997167056
compute,1,668,1491492569229.00,,26,1321161144,1321161144
compute,1,667,1491492568222.00,,6,1321161144,1321161144
compute,1,666,1491492567216.00,,6,1321161144,1321161144
compute,1,665,1491492566189.00,,26,1321161144,1321161144
compute,1,664,1491492565183.00,,6,1321161144,1321161144
compute,1,663,1491492564176.00,,6,1321161144,1321161144
compute,1,662,1491492563149.00,,27,1321161144,1321161144
compute,1,661,1491492562143.00,,6,1321161144,1321161144
compute,1,660,1491492561136.00,,6,1321161144,1321161144
compute,1,659,1491492560119.00,,17,1321161144,1321161144
compute,1,658,1491492557402.00,,5,1077379176,1077379176
compute,1,657,1491492556394.00,,7,1077379176,1077379176
compute,1,656,1491492555366.00,,27,1077379176,1077379176
compute,1,655,1491492554359.00,,7,1077379176,1077379176
compute,1,654,1491492553332.00,,26,1077379176,1077379176
compute,1,653,1491492552325.00,,6,1077379176,1077379176
compute,1,652,1491492551319.00,,6,1077379176,1077379176
compute,1,651,1491492550290.00,,28,1077379176,1077379176
compute,1,650,1491492547955.00,,6,1361883888,1361883888
compute,1,649,1491492546928.00,,26,1361883888,1361883888
compute,1,648,1491492545920.00,,7,1361883888,1361883888
compute,1,647,1491492544914.00,,6,1361883888,1361883888
compute,1,646,1491492543886.00,,27,1361883888,1361883888
compute,1,645,1491492542879.00,,6,1361883888,1361883888
compute,1,644,1491492541872.00,,6,1361883888,1361883888
compute,1,643,1491492540866.00,,6,1361883888,1361883888
compute,1,642,1491492539859.00,,6,1361883888,1361883888
compute,1,641,1491492538831.00,,28,1361883888,1361883888
compute,1,640,1491492535406.00,,7,1506078552,1506078552
compute,1,639,1491492534380.00,,26,1506078552,1506078552
compute,1,638,1491492533373.00,,6,1506078552,1506078552
compute,1,637,1491492532367.00,,6,1506078552,1506078552
compute,1,636,1491492531341.00,,26,1506078552,1506078552
compute,1,635,1491492530334.00,,6,1506078552,1506078552
compute,1,634,1491492529327.00,,6,1506078552,1506078552
compute,1,633,1491492528300.00,,26,1506078552,1506078552
compute,1,632,1491492527294.00,,6,1506078552,1506078552
compute,1,631,1491492526287.00,,6,1506078552,1506078552
compute,1,630,1491492525270.00,,17,1506078552,1506078552
compute,1,629,1491492522127.00,,6,1171016560,1171016560
compute,1,628,1491492521120.00,,6,1171016560,1171016560
compute,1,627,1491492520093.00,,27,1171016560,1171016560
compute,1,626,1491492519086.00,,6,1171016560,1171016560
compute,1,625,1491492518080.00,,5,1171016560,1171016560
compute,1,624,1491492517053.00,,26,1171016560,1171016560
compute,1,623,1491492516047.00,,6,1171016560,1171016560
compute,1,622,1491492515041.00,,6,1171016560,1171016560
compute,1,621,1491492514013.00,,27,1171016560,1171016560
compute,1,620,1491492511999.00,,5,1001393184,1001393184
compute,1,619,1491492510972.00,,26,1001393184,1001393184
compute,1,618,1491492509966.00,,6,1001393184,1001393184
compute,1,617,1491492508959.00,,6,1001393184,1001393184
compute,1,616,1491492507932.00,,27,1001393184,1001393184
compute,1,615,1491492506926.00,,6,1001393184,1001393184
compute,1,614,1491492505920.00,,6,1001393184,1001393184
compute,1,613,1491492504902.00,,18,1001393184,1001393184
compute,1,612,1491492502695.00,,7,915309448,915309448
compute,1,611,1491492501669.00,,26,915309448,915309448
compute,1,610,1491492500662.00,,6,915309448,915309448
compute,1,609,1491492499655.00,,7,915309448,915309448
compute,1,608,1491492498628.00,,27,915309448,915309448
compute,1,607,1491492497621.00,,6,915309448,915309448
compute,1,606,1491492496602.00,,19,915309448,915309448
compute,1,605,1491492494861.00,,26,871745648,871745648
compute,1,604,1491492493855.00,,6,871745648,871745648
compute,1,603,1491492492848.00,,6,871745648,871745648
compute,1,602,1491492491842.00,,6,871745648,871745648
compute,1,601,1491492490815.00,,26,871745648,871745648
compute,1,600,1491492489809.00,,6,871745648,871745648
compute,1,599,1491492488790.00,,18,871745648,871745648
compute,1,598,1491492487257.00,,26,849610336,849610336
compute,1,597,1491492486250.00,,6,849610336,849610336
compute,1,596,1491492485243.00,,6,849610336,849610336
compute,1,595,1491492484237.00,,6,849610336,849610336
compute,1,594,1491492483230.00,,6,849610336,849610336
compute,1,593,1491492482224.00,,6,849610336,849610336
compute,1,592,1491492481196.00,,27,849610336,849610336
compute,1,591,1491492478770.00,,6,1246485616,1246485616
compute,1,590,1491492477763.00,,6,1246485616,1246485616
compute,1,589,1491492476736.00,,26,1246485616,1246485616
compute,1,588,1491492475730.00,,6,1246485616,1246485616
compute,1,587,1491492474724.00,,6,1246485616,1246485616
compute,1,586,1491492473697.00,,26,1246485616,1246485616
compute,1,585,1491492472689.00,,7,1246485616,1246485616
compute,1,584,1491492471683.00,,6,1246485616,1246485616
compute,1,583,1491492470666.00,,17,1246485616,1246485616
compute,1,582,1491492468360.00,,6,1447560592,1447560592
compute,1,581,1491492467333.00,,27,1447560592,1447560592
compute,1,580,1491492466327.00,,6,1447560592,1447560592
compute,1,579,1491492465320.00,,6,1447560592,1447560592
compute,1,578,1491492464294.00,,26,1447560592,1447560592
compute,1,577,1491492463287.00,,6,1447560592,1447560592
compute,1,576,1491492462281.00,,6,1447560592,1447560592
compute,1,575,1491492461254.00,,26,1447560592,1447560592
compute,1,574,1491492460248.00,,5,1447560592,1447560592
compute,1,573,1491492459242.00,,5,1447560592,1447560592
compute,1,572,1491492458215.00,,26,1447560592,1447560592
compute,1,571,1491492455342.00,,5,1549502656,1549502656
compute,1,570,1491492454336.00,,6,1549502656,1549502656
compute,1,569,1491492453309.00,,26,1549502656,1549502656
compute,1,568,1491492452303.00,,6,1549502656,1549502656
compute,1,567,1491492451297.00,,6,1549502656,1549502656
compute,1,566,1491492450270.00,,26,1549502656,1549502656
compute,1,565,1491492449263.00,,6,1549502656,1549502656
compute,1,564,1491492448257.00,,6,1549502656,1549502656
compute,1,563,1491492447251.00,,6,1549502656,1549502656
compute,1,562,1491492446224.00,,27,1549502656,1549502656
compute,1,561,1491492445218.00,,5,1549502656,1549502656
compute,1,560,1491492444190.00,,27,1549502656,1549502656
compute,1,559,1491492440886.00,,6,1193013016,1193013016
compute,1,558,1491492439879.00,,6,1193013016,1193013016
compute,1,557,1491492438854.00,,25,1193013016,1193013016
compute,1,556,1491492437847.00,,6,1193013016,1193013016
compute,1,555,1491492436840.00,,6,1193013016,1193013016
compute,1,554,1491492435814.00,,26,1193013016,1193013016
compute,1,553,1491492434807.00,,6,1193013016,1193013016
compute,1,552,1491492433801.00,,5,1193013016,1193013016
compute,1,551,1491492432773.00,,27,1193013016,1193013016
compute,1,550,1491492430510.00,,6,1012393840,1012393840
compute,1,549,1491492429504.00,,6,1012393840,1012393840
compute,1,548,1491492428477.00,,26,1012393840,1012393840
compute,1,547,1491492427470.00,,6,1012393840,1012393840
compute,1,546,1491492426463.00,,6,1012393840,1012393840
compute,1,545,1491492425436.00,,26,1012393840,1012393840
compute,1,544,1491492424429.00,,6,1012393840,1012393840
compute,1,543,1491492423411.00,,17,1012393840,1012393840
compute,1,542,1491492421201.00,,7,920925408,920925408
compute,1,541,1491492420174.00,,27,920925408,920925408
compute,1,540,1491492419168.00,,6,920925408,920925408
compute,1,539,1491492418140.00,,27,920925408,920925408
compute,1,538,1491492417133.00,,7,920925408,920925408
compute,1,537,1491492416127.00,,6,920925408,920925408
compute,1,536,1491492415099.00,,27,920925408,920925408
compute,1,535,1491492413170.00,,26,1282503424,1282503424
compute,1,534,1491492412163.00,,7,1282503424,1282503424
compute,1,533,1491492411157.00,,6,1282503424,1282503424
compute,1,532,1491492410130.00,,26,1282503424,1282503424
compute,1,531,1491492409123.00,,7,1282503424,1282503424
compute,1,530,1491492408117.00,,6,1282503424,1282503424
compute,1,529,1491492407091.00,,26,1282503424,1282503424
compute,1,528,1491492406083.00,,7,1282503424,1282503424
compute,1,527,1491492405077.00,,6,1282503424,1282503424
compute,1,526,1491492404050.00,,26,1282503424,1282503424
compute,1,525,1491492401312.00,,6,1057680960,1057680960
compute,1,524,1491492400285.00,,26,1057680960,1057680960
compute,1,523,1491492399278.00,,6,1057680960,1057680960
compute,1,522,1491492398271.00,,6,1057680960,1057680960
compute,1,521,1491492397245.00,,26,1057680960,1057680960
compute,1,520,1491492396239.00,,6,1057680960,1057680960
compute,1,519,1491492395233.00,,6,1057680960,1057680960
compute,1,518,1491492394205.00,,27,1057680960,1057680960
compute,1,517,1491492391805.00,,26,1351833664,1351833664
compute,1,516,1491492390779.00,,26,1351833664,1351833664
compute,1,515,1491492389773.00,,6,1351833664,1351833664
compute,1,514,1491492388766.00,,6,1351833664,1351833664
compute,1,513,1491492387739.00,,26,1351833664,1351833664
compute,1,512,1491492386733.00,,6,1351833664,1351833664
compute,1,511,1491492385726.00,,6,1351833664,1351833664
compute,1,510,1491492384699.00,,26,1351833664,1351833664
compute,1,509,1491492383692.00,,6,1351833664,1351833664
compute,1,508,1491492382664.00,,27,1351833664,1351833664
compute,1,507,1491492379749.00,,7,1500965216,1500965216
compute,1,506,1491492378723.00,,26,1500965216,1500965216
compute,1,505,1491492377717.00,,6,1500965216,1500965216
compute,1,504,1491492376710.00,,6,1500965216,1500965216
compute,1,503,1491492375683.00,,26,1500965216,1500965216
compute,1,502,1491492374676.00,,6,1500965216,1500965216
compute,1,501,1491492373670.00,,6,1500965216,1500965216
compute,1,500,1491492372644.00,,26,1500965216,1500965216
compute,1,499,1491492371637.00,,6,1500965216,1500965216
compute,1,498,1491492370631.00,,6,1500965216,1500965216
compute,1,497,1491492369613.00,,17,1500965216,1500965216
compute,1,496,1491492366662.00,,6,1576431992,1576431992
compute,1,495,1491492365655.00,,6,1576431992,1576431992
compute,1,494,1491492364628.00,,26,1576431992,1576431992
compute,1,493,1491492363622.00,,6,1576431992,1576431992
compute,1,492,1491492362615.00,,6,1576431992,1576431992
compute,1,491,1491492361588.00,,27,1576431992,1576431992
compute,1,490,1491492360581.00,,7,1576431992,1576431992
compute,1,489,1491492359575.00,,6,1576431992,1576431992
compute,1,488,1491492358548.00,,26,1576431992,1576431992
compute,1,487,1491492357542.00,,6,1576431992,1576431992
compute,1,486,1491492356535.00,,6,1576431992,1576431992
compute,1,485,1491492355508.00,,27,1576431992,1576431992
compute,1,484,1491492352433.00,,6,1206589760,1206589760
compute,1,483,1491492351427.00,,5,1206589760,1206589760
compute,1,482,1491492350399.00,,27,1206589760,1206589760
compute,1,481,1491492349393.00,,6,1206589760,1206589760
compute,1,480,1491492348387.00,,6,1206589760,1206589760
compute,1,479,1491492347361.00,,26,1206589760,1206589760
compute,1,478,1491492346354.00,,6,1206589760,1206589760
compute,1,477,1491492345348.00,,5,1206589760,1206589760
compute,1,476,1491492344331.00,,16,1206589760,1206589760
compute,1,475,1491492342184.00,,5,1427411496,1427411496
compute,1,474,1491492341157.00,,26,1427411496,1427411496
compute,1,473,1491492340151.00,,6,1427411496,1427411496
compute,1,472,1491492339144.00,,6,1427411496,1427411496
compute,1,471,1491492338118.00,,26,1427411496,1427411496
compute,1,470,1491492337112.00,,6,1427411496,1427411496
compute,1,469,1491492336105.00,,6,1427411496,1427411496
compute,1,468,1491492335078.00,,27,1427411496,1427411496
compute,1,467,1491492334072.00,,6,1427411496,1427411496
compute,1,466,1491492333066.00,,6,1427411496,1427411496
compute,1,465,1491492332048.00,,17,1427411496,1427411496
compute,1,464,1491492329593.00,,26,1131279480,1131279480
compute,1,463,1491492328586.00,,6,1131279480,1131279480
compute,1,462,1491492327580.00,,6,1131279480,1131279480
compute,1,461,1491492326552.00,,27,1131279480,1131279480
compute,1,460,1491492325546.00,,6,1131279480,1131279480
compute,1,459,1491492324539.00,,6,1131279480,1131279480
compute,1,458,1491492323513.00,,26,1131279480,1131279480
compute,1,457,1491492322506.00,,6,1131279480,1131279480
compute,1,456,1491492321487.00,,18,1131279480,1131279480
compute,1,455,1491492318861.00,,27,1389192640,1389192640
compute,1,454,1491492317855.00,,6,1389192640,1389192640
compute,1,453,1491492316848.00,,6,1389192640,1389192640
compute,1,452,1491492315821.00,,26,1389192640,1389192640
compute,1,451,1491492314814.00,,6,1389192640,1389192640
compute,1,450,1491492313808.00,,6,1389192640,1389192640
compute,1,449,1491492312781.00,,26,1389192640,1389192640
compute,1,448,1491492311774.00,,6,1389192640,1389192640
compute,1,447,1491492310768.00,,6,1389192640,1389192640
compute,1,446,1491492309741.00,,27,1389192640,1389192640
compute,1,445,1491492306145.00,,7,1519813328,1519813328
compute,1,444,1491492305118.00,,27,1519813328,1519813328
compute,1,443,1491492304111.00,,7,1519813328,1519813328
compute,1,442,1491492303105.00,,6,1519813328,1519813328
compute,1,441,1491492302078.00,,26,1519813328,1519813328
compute,1,440,1491492301072.00,,6,1519813328,1519813328
compute,1,439,1491492300066.00,,6,1519813328,1519813328
compute,1,438,1491492299059.00,,6,1519813328,1519813328
compute,1,437,1491492298033.00,,26,1519813328,1519813328
compute,1,436,1491492297026.00,,6,1519813328,1519813328
compute,1,435,1491492295997.00,,28,1519813328,1519813328
compute,1,434,1491492292936.00,,7,1178019696,1178019696
compute,1,433,1491492291930.00,,6,1178019696,1178019696
compute,1,432,1491492290903.00,,26,1178019696,1178019696
compute,1,431,1491492289897.00,,6,1178019696,1178019696
compute,1,430,1491492288891.00,,6,1178019696,1178019696
compute,1,429,1491492287864.00,,26,1178019696,1178019696
compute,1,428,1491492286857.00,,6,1178019696,1178019696
compute,1,427,1491492285851.00,,6,1178019696,1178019696
compute,1,426,1491492284823.00,,27,1178019696,1178019696
compute,1,425,1491492282664.00,,6,1004692664,1004692664
compute,1,424,1491492281657.00,,7,1004692664,1004692664
compute,1,423,1491492280630.00,,26,1004692664,1004692664
compute,1,422,1491492279623.00,,6,1004692664,1004692664
compute,1,421,1491492278616.00,,7,1004692664,1004692664
compute,1,420,1491492277589.00,,27,1004692664,1004692664
compute,1,419,1491492276583.00,,6,1004692664,1004692664
compute,1,418,1491492275554.00,,28,1004692664,1004692664
compute,1,417,1491492273434.00,,26,917038336,917038336
compute,1,416,1491492272427.00,,6,917038336,917038336
compute,1,415,1491492271421.00,,6,917038336,917038336
compute,1,414,1491492270395.00,,26,917038336,917038336
compute,1,413,1491492269388.00,,6,917038336,917038336
compute,1,412,1491492268382.00,,6,917038336,917038336
compute,1,411,1491492267364.00,,18,917038336,917038336
compute,1,410,1491492265440.00,,6,1280524376,1280524376
compute,1,409,1491492264412.00,,27,1280524376,1280524376
compute,1,408,1491492263405.00,,7,1280524376,1280524376
compute,1,407,1491492262398.00,,7,1280524376,1280524376
compute,1,406,1491492261370.00,,27,1280524376,1280524376
compute,1,405,1491492260363.00,,7,1280524376,1280524376
compute,1,404,1491492259356.00,,6,1280524376,1280524376
compute,1,403,1491492258349.00,,7,1280524376,1280524376
compute,1,402,1491492257342.00,,6,1280524376,1280524376
compute,1,401,1491492256314.00,,28,1280524376,1280524376
compute,1,400,1491492253884.00,,6,1464659752,1464659752
compute,1,399,1491492252857.00,,27,1464659752,1464659752
compute,1,398,1491492251850.00,,6,1464659752,1464659752
compute,1,397,1491492250844.00,,6,1464659752,1464659752
compute,1,396,1491492249817.00,,26,1464659752,1464659752
compute,1,395,1491492248811.00,,6,1464659752,1464659752
compute,1,394,1491492247804.00,,6,1464659752,1464659752
compute,1,393,1491492246777.00,,27,1464659752,1464659752
compute,1,392,1491492245771.00,,6,1464659752,1464659752
compute,1,391,1491492244764.00,,6,1464659752,1464659752
compute,1,390,1491492243737.00,,27,1464659752,1464659752
compute,1,389,1491492241225.00,,26,1558076736,1558076736
compute,1,388,1491492240218.00,,6,1558076736,1558076736
compute,1,387,1491492239211.00,,6,1558076736,1558076736
compute,1,386,1491492238184.00,,26,1558076736,1558076736
compute,1,385,1491492237177.00,,6,1558076736,1558076736
compute,1,384,1491492236170.00,,6,1558076736,1558076736
compute,1,383,1491492235164.00,,6,1558076736,1558076736
compute,1,382,1491492234157.00,,6,1558076736,1558076736
compute,1,381,1491492233130.00,,27,1558076736,1558076736
compute,1,380,1491492232124.00,,6,1558076736,1558076736
compute,1,379,1491492231117.00,,6,1558076736,1558076736
compute,1,378,1491492230100.00,,16,1558076736,1558076736
compute,1,377,1491492227027.00,,6,1197435592,1197435592
compute,1,376,1491492226020.00,,7,1197435592,1197435592
compute,1,375,1491492224993.00,,27,1197435592,1197435592
compute,1,374,1491492223987.00,,6,1197435592,1197435592
compute,1,373,1491492222980.00,,6,1197435592,1197435592
compute,1,372,1491492221953.00,,26,1197435592,1197435592
compute,1,371,1491492220947.00,,6,1197435592,1197435592
compute,1,370,1491492219940.00,,7,1197435592,1197435592
compute,1,369,1491492218923.00,,17,1197435592,1197435592
compute,1,368,1491492216717.00,,7,1422632600,1422632600
compute,1,367,1491492215691.00,,26,1422632600,1422632600
compute,1,366,1491492214684.00,,6,1422632600,1422632600
compute,1,365,1491492213677.00,,6,1422632600,1422632600
compute,1,364,1491492212649.00,,27,1422632600,1422632600
compute,1,363,1491492211643.00,,6,1422632600,1422632600
compute,1,362,1491492210637.00,,6,1422632600,1422632600
compute,1,361,1491492209611.00,,26,1422632600,1422632600
compute,1,360,1491492208604.00,,6,1422632600,1422632600
compute,1,359,1491492207598.00,,6,1422632600,1422632600
compute,1,358,1491492206580.00,,17,1422632600,1422632600
compute,1,357,1491492202910.00,,6,1536649824,1536649824
compute,1,356,1491492201903.00,,6,1536649824,1536649824
compute,1,355,1491492200876.00,,26,1536649824,1536649824
compute,1,354,1491492199869.00,,6,1536649824,1536649824
compute,1,353,1491492198861.00,,7,1536649824,1536649824
compute,1,352,1491492197834.00,,26,1536649824,1536649824
compute,1,351,1491492196827.00,,6,1536649824,1536649824
compute,1,350,1491492195800.00,,27,1536649824,1536649824
compute,1,349,1491492194794.00,,6,1536649824,1536649824
compute,1,348,1491492193788.00,,6,1536649824,1536649824
compute,1,347,1491492192770.00,,17,1536649824,1536649824
compute,1,346,1491492189402.00,,27,1186442784,1186442784
compute,1,345,1491492188395.00,,6,1186442784,1186442784
compute,1,344,1491492187389.00,,6,1186442784,1186442784
compute,1,343,1491492186362.00,,26,1186442784,1186442784
compute,1,342,1491492185355.00,,6,1186442784,1186442784
compute,1,341,1491492184349.00,,6,1186442784,1186442784
compute,1,340,1491492183322.00,,26,1186442784,1186442784
compute,1,339,1491492182315.00,,6,1186442784,1186442784
compute,1,338,1491492181287.00,,28,1186442784,1186442784
compute,1,337,1491492179189.00,,7,1009078104,1009078104
compute,1,336,1491492178182.00,,7,1009078104,1009078104
compute,1,335,1491492177155.00,,27,1009078104,1009078104
compute,1,334,1491492176148.00,,7,1009078104,1009078104
compute,1,333,1491492175141.00,,7,1009078104,1009078104
compute,1,332,1491492174114.00,,27,1009078104,1009078104
compute,1,331,1491492173107.00,,7,1009078104,1009078104
compute,1,330,1491492172089.00,,18,1009078104,1009078104
compute,1,329,1491492169863.00,,6,1327237584,1327237584
compute,1,328,1491492168836.00,,26,1327237584,1327237584
compute,1,327,1491492167829.00,,7,1327237584,1327237584
compute,1,326,1491492166822.00,,7,1327237584,1327237584
compute,1,325,1491492165794.00,,27,1327237584,1327237584
compute,1,324,1491492164787.00,,7,1327237584,1327237584
compute,1,323,1491492163780.00,,7,1327237584,1327237584
compute,1,322,1491492162754.00,,26,1327237584,1327237584
compute,1,321,1491492161747.00,,7,1327237584,1327237584
compute,1,320,1491492160729.00,,18,1327237584,1327237584
compute,1,319,1491492157620.00,,27,1488262344,1488262344
compute,1,318,1491492156613.00,,7,1488262344,1488262344
compute,1,317,1491492155606.00,,7,1488262344,1488262344
compute,1,316,1491492154579.00,,27,1488262344,1488262344
compute,1,315,1491492153572.00,,6,1488262344,1488262344
compute,1,314,1491492152565.00,,7,1488262344,1488262344
compute,1,313,1491492151539.00,,26,1488262344,1488262344
compute,1,312,1491492150533.00,,6,1488262344,1488262344
compute,1,311,1491492149526.00,,6,1488262344,1488262344
compute,1,310,1491492148521.00,,5,1488262344,1488262344
compute,1,309,1491492147493.00,,27,1488262344,1488262344
compute,1,308,1491492144474.00,,6,1161951480,1161951480
compute,1,307,1491492143468.00,,6,1161951480,1161951480
compute,1,306,1491492142441.00,,26,1161951480,1161951480
compute,1,305,1491492141435.00,,5,1161951480,1161951480
compute,1,304,1491492140429.00,,5,1161951480,1161951480
compute,1,303,1491492139403.00,,25,1161951480,1161951480
compute,1,302,1491492138396.00,,6,1161951480,1161951480
compute,1,301,1491492137390.00,,6,1161951480,1161951480
compute,1,300,1491492136372.00,,17,1161951480,1161951480
compute,1,299,1491492134362.00,,6,996703424,996703424
compute,1,298,1491492133356.00,,6,996703424,996703424
compute,1,297,1491492132329.00,,26,996703424,996703424
compute,1,296,1491492131321.00,,7,996703424,996703424
compute,1,295,1491492130294.00,,27,996703424,996703424
compute,1,294,1491492129288.00,,6,996703424,996703424
compute,1,293,1491492128282.00,,5,996703424,996703424
compute,1,292,1491492127254.00,,27,996703424,996703424
compute,1,291,1491492124963.00,,26,912864160,912864160
compute,1,290,1491492123955.00,,7,912864160,912864160
compute,1,289,1491492122949.00,,6,912864160,912864160
compute,1,288,1491492121923.00,,26,912864160,912864160
compute,1,287,1491492120916.00,,6,912864160,912864160
compute,1,286,1491492119910.00,,6,912864160,912864160
compute,1,285,1491492118882.00,,28,912864160,912864160
compute,1,284,1491492117067.00,,6,870534968,870534968
compute,1,283,1491492116040.00,,26,870534968,870534968
compute,1,282,1491492115033.00,,6,870534968,870534968
compute,1,281,1491492114027.00,,6,870534968,870534968
compute,1,280,1491492113000.00,,27,870534968,870534968
compute,1,279,1491492111993.00,,6,870534968,870534968
compute,1,278,1491492110975.00,,17,870534968,870534968
compute,1,277,1491492109369.00,,6,848961264,848961264
compute,1,276,1491492108342.00,,26,848961264,848961264
compute,1,275,1491492107334.00,,7,848961264,848961264
compute,1,274,1491492106327.00,,7,848961264,848961264
compute,1,273,1491492105321.00,,6,848961264,848961264
compute,1,272,1491492104314.00,,6,848961264,848961264
compute,1,271,1491492103287.00,,26,848961264,848961264
compute,1,270,1491492100916.00,,6,1246173496,1246173496
compute,1,269,1491492099909.00,,6,1246173496,1246173496
compute,1,268,1491492098882.00,,27,1246173496,1246173496
compute,1,267,1491492097876.00,,6,1246173496,1246173496
compute,1,266,1491492096870.00,,5,1246173496,1246173496
compute,1,265,1491492095843.00,,26,1246173496,1246173496
compute,1,264,1491492094837.00,,6,1246173496,1246173496
compute,1,263,1491492093831.00,,6,1246173496,1246173496
compute,1,262,1491492092804.00,,27,1246173496,1246173496
compute,1,261,1491492090500.00,,6,1447251312,1447251312
compute,1,260,1491492089474.00,,26,1447251312,1447251312
compute,1,259,1491492088467.00,,6,1447251312,1447251312
compute,1,258,1491492087460.00,,6,1447251312,1447251312
compute,1,257,1491492086433.00,,26,1447251312,1447251312
compute,1,256,1491492085426.00,,6,1447251312,1447251312
compute,1,255,1491492084420.00,,5,1447251312,1447251312
compute,1,254,1491492083394.00,,26,1447251312,1447251312
compute,1,253,1491492082388.00,,5,1447251312,1447251312
compute,1,252,1491492081381.00,,6,1447251312,1447251312
compute,1,251,1491492080353.00,,27,1447251312,1447251312
compute,1,250,1491492077528.00,,6,1549303912,1549303912
compute,1,249,1491492076522.00,,6,1549303912,1549303912
compute,1,248,1491492075495.00,,27,1549303912,1549303912
compute,1,247,1491492074489.00,,6,1549303912,1549303912
compute,1,246,1491492073483.00,,5,1549303912,1549303912
compute,1,245,1491492072456.00,,27,1549303912,1549303912
compute,1,244,1491492071449.00,,7,1549303912,1549303912
compute,1,243,1491492070443.00,,6,1549303912,1549303912
compute,1,242,1491492069416.00,,26,1549303912,1549303912
compute,1,241,1491492068410.00,,6,1549303912,1549303912
compute,1,240,1491492067404.00,,5,1549303912,1549303912
compute,1,239,1491492066376.00,,27,1549303912,1549303912
compute,1,238,1491492062976.00,,6,1192813680,1192813680
compute,1,237,1491492061969.00,,6,1192813680,1192813680
compute,1,236,1491492060943.00,,26,1192813680,1192813680
compute,1,235,1491492059937.00,,6,1192813680,1192813680
compute,1,234,1491492058931.00,,5,1192813680,1192813680
compute,1,233,1491492057925.00,,5,1192813680,1192813680
compute,1,232,1491492056898.00,,26,1192813680,1192813680
compute,1,231,1491492055890.00,,7,1192813680,1192813680
compute,1,230,1491492054872.00,,18,1192813680,1192813680
compute,1,229,1491492052664.00,,6,1012307920,1012307920
compute,1,228,1491492051657.00,,6,1012307920,1012307920
compute,1,227,1491492050630.00,,27,1012307920,1012307920
compute,1,226,1491492049624.00,,6,1012307920,1012307920
compute,1,225,1491492048617.00,,7,1012307920,1012307920
compute,1,224,1491492047589.00,,27,1012307920,1012307920
compute,1,223,1491492046581.00,,7,1012307920,1012307920
compute,1,222,1491492045553.00,,28,1012307920,1012307920
compute,1,221,1491492043293.00,,26,920839248,920839248
compute,1,220,1491492042286.00,,6,920839248,920839248
compute,1,219,1491492041280.00,,6,920839248,920839248
compute,1,218,1491492040253.00,,26,920839248,920839248
compute,1,217,1491492039247.00,,5,920839248,920839248
compute,1,216,1491492038240.00,,6,920839248,920839248
compute,1,215,1491492037212.00,,28,920839248,920839248
compute,1,214,1491492035430.00,,27,874471072,874471072
compute,1,213,1491492034424.00,,6,874471072,874471072
compute,1,212,1491492033418.00,,6,874471072,874471072
compute,1,211,1491492032391.00,,26,874471072,874471072
compute,1,210,1491492031385.00,,6,874471072,874471072
compute,1,209,1491492030379.00,,6,874471072,874471072
compute,1,208,1491492029361.00,,17,874471072,874471072
compute,1,207,1491492026878.00,,5,1259117792,1259117792
compute,1,206,1491492025871.00,,6,1259117792,1259117792
compute,1,205,1491492024845.00,,26,1259117792,1259117792
compute,1,204,1491492023838.00,,7,1259117792,1259117792
compute,1,203,1491492022832.00,,6,1259117792,1259117792
compute,1,202,1491492021826.00,,6,1259117792,1259117792
compute,1,201,1491492020799.00,,26,1259117792,1259117792
compute,1,200,1491492019792.00,,6,1259117792,1259117792
compute,1,199,1491492018764.00,,28,1259117792,1259117792
compute,1,198,1491492016329.00,,6,1453910968,1453910968
compute,1,197,1491492015301.00,,27,1453910968,1453910968
compute,1,196,1491492014294.00,,6,1453910968,1453910968
compute,1,195,1491492013287.00,,6,1453910968,1453910968
compute,1,194,1491492012260.00,,27,1453910968,1453910968
compute,1,193,1491492011254.00,,6,1453910968,1453910968
compute,1,192,1491492010248.00,,6,1453910968,1453910968
compute,1,191,1491492009221.00,,27,1453910968,1453910968
compute,1,190,1491492008215.00,,6,1453910968,1453910968
compute,1,189,1491492007208.00,,6,1453910968,1453910968
compute,1,188,1491492006191.00,,17,1453910968,1453910968
compute,1,187,1491492002803.00,,6,1552669480,1552669480
compute,1,186,1491492001776.00,,27,1552669480,1552669480
compute,1,185,1491492000770.00,,6,1552669480,1552669480
compute,1,184,1491491999764.00,,6,1552669480,1552669480
compute,1,183,1491491998738.00,,26,1552669480,1552669480
compute,1,182,1491491997732.00,,5,1552669480,1552669480
compute,1,181,1491491996725.00,,7,1552669480,1552669480
compute,1,180,1491491995698.00,,27,1552669480,1552669480
compute,1,179,1491491994692.00,,6,1552669480,1552669480
compute,1,178,1491491993685.00,,6,1552669480,1552669480
compute,1,177,1491491992658.00,,27,1552669480,1552669480
compute,1,176,1491491989490.00,,6,1194496320,1194496320
compute,1,175,1491491988484.00,,6,1194496320,1194496320
compute,1,174,1491491987457.00,,26,1194496320,1194496320
compute,1,173,1491491986451.00,,6,1194496320,1194496320
compute,1,172,1491491985445.00,,6,1194496320,1194496320
compute,1,171,1491491984438.00,,6,1194496320,1194496320
compute,1,170,1491491983432.00,,6,1194496320,1194496320
compute,1,169,1491491982426.00,,5,1194496320,1194496320
compute,1,168,1491491981397.00,,28,1194496320,1194496320
compute,1,167,1491491979346.00,,6,1421151704,1421151704
compute,1,166,1491491978320.00,,26,1421151704,1421151704
compute,1,165,1491491977313.00,,6,1421151704,1421151704
compute,1,164,1491491976306.00,,6,1421151704,1421151704
compute,1,163,1491491975279.00,,26,1421151704,1421151704
compute,1,162,1491491974272.00,,6,1421151704,1421151704
compute,1,161,1491491973266.00,,6,1421151704,1421151704
compute,1,160,1491491972239.00,,27,1421151704,1421151704
compute,1,159,1491491971233.00,,6,1421151704,1421151704
compute,1,158,1491491970226.00,,7,1421151704,1421151704
compute,1,157,1491491969209.00,,17,1421151704,1421151704
compute,1,156,1491491965890.00,,7,1535952192,1535952192
compute,1,155,1491491964884.00,,6,1535952192,1535952192
compute,1,154,1491491963857.00,,26,1535952192,1535952192
compute,1,153,1491491962850.00,,6,1535952192,1535952192
compute,1,152,1491491961822.00,,27,1535952192,1535952192
compute,1,151,1491491960816.00,,6,1535952192,1535952192
compute,1,150,1491491959809.00,,6,1535952192,1535952192
compute,1,149,1491491958783.00,,26,1535952192,1535952192
compute,1,148,1491491957777.00,,6,1535952192,1535952192
compute,1,147,1491491956770.00,,7,1535952192,1535952192
compute,1,146,1491491955752.00,,18,1535952192,1535952192
compute,1,145,1491491951727.00,,6,1594139736,1594139736
compute,1,144,1491491950721.00,,5,1594139736,1594139736
compute,1,143,1491491949694.00,,26,1594139736,1594139736
compute,1,142,1491491948687.00,,6,1594139736,1594139736
compute,1,141,1491491947681.00,,6,1594139736,1594139736
compute,1,140,1491491946654.00,,26,1594139736,1594139736
compute,1,139,1491491945648.00,,5,1594139736,1594139736
compute,1,138,1491491944642.00,,5,1594139736,1594139736
compute,1,137,1491491943615.00,,26,1594139736,1594139736
compute,1,136,1491491942609.00,,6,1594139736,1594139736
compute,1,135,1491491941603.00,,6,1594139736,1594139736
compute,1,134,1491491940575.00,,28,1594139736,1594139736
compute,1,133,1491491937084.00,,6,807600104,807600104
compute,1,132,1491491936078.00,,6,807600104,807600104
compute,1,131,1491491935050.00,,27,807600104,807600104
compute,1,130,1491491934044.00,,6,807600104,807600104
compute,1,129,1491491933037.00,,6,807600104,807600104
compute,1,128,1491491932010.00,,27,807600104,807600104
compute,1,127,1491491929919.00,,6,1225118960,1225118960
compute,1,126,1491491928912.00,,7,1225118960,1225118960
compute,1,125,1491491927886.00,,26,1225118960,1225118960
compute,1,124,1491491926880.00,,6,1225118960,1225118960
compute,1,123,1491491925873.00,,6,1225118960,1225118960
compute,1,122,1491491924847.00,,26,1225118960,1225118960
compute,1,121,1491491923841.00,,5,1225118960,1225118960
compute,1,120,1491491922834.00,,6,1225118960,1225118960
compute,1,119,1491491921807.00,,27,1225118960,1225118960
compute,1,118,1491491919700.00,,6,1436629440,1436629440
compute,1,117,1491491918674.00,,26,1436629440,1436629440
compute,1,116,1491491917668.00,,6,1436629440,1436629440
compute,1,115,1491491916661.00,,6,1436629440,1436629440
compute,1,114,1491491915634.00,,26,1436629440,1436629440
compute,1,113,1491491914628.00,,6,1436629440,1436629440
compute,1,112,1491491913621.00,,6,1436629440,1436629440
compute,1,111,1491491912594.00,,27,1436629440,1436629440
compute,1,110,1491491911587.00,,7,1436629440,1436629440
compute,1,109,1491491910581.00,,6,1436629440,1436629440
compute,1,108,1491491909554.00,,26,1436629440,1436629440
compute,1,107,1491491906968.00,,5,1543732216,1543732216
compute,1,106,1491491905961.00,,6,1543732216,1543732216
compute,1,105,1491491904934.00,,26,1543732216,1543732216
compute,1,104,1491491903928.00,,6,1543732216,1543732216
compute,1,103,1491491902921.00,,6,1543732216,1543732216
compute,1,102,1491491901894.00,,26,1543732216,1543732216
compute,1,101,1491491900888.00,,6,1543732216,1543732216
compute,1,100,1491491899881.00,,6,1543732216,1543732216
compute,1,99,1491491898854.00,,26,1543732216,1543732216
compute,1,98,1491491897848.00,,6,1543732216,1543732216
compute,1,97,1491491896841.00,,6,1543732216,1543732216
compute,1,96,1491491895823.00,,18,1543732216,1543732216
compute,1,95,1491491891626.00,,6,1598104904,1598104904
compute,1,94,1491491890619.00,,6,1598104904,1598104904
compute,1,93,1491491889592.00,,27,1598104904,1598104904
compute,1,92,1491491888586.00,,5,1598104904,1598104904
compute,1,91,1491491887580.00,,5,1598104904,1598104904
compute,1,90,1491491886573.00,,6,1598104904,1598104904
compute,1,89,1491491885567.00,,6,1598104904,1598104904
compute,1,88,1491491884560.00,,7,1598104904,1598104904
compute,1,87,1491491883533.00,,27,1598104904,1598104904
compute,1,86,1491491882527.00,,6,1598104904,1598104904
compute,1,85,1491491881520.00,,6,1598104904,1598104904
compute,1,84,1491491880502.00,,17,1598104904,1598104904
compute,1,83,1491491877161.00,,7,809545904,809545904
compute,1,82,1491491876155.00,,6,809545904,809545904
compute,1,81,1491491875128.00,,27,809545904,809545904
compute,1,80,1491491874122.00,,6,809545904,809545904
compute,1,79,1491491873115.00,,6,809545904,809545904
compute,1,78,1491491872087.00,,28,809545904,809545904
compute,1,77,1491491869802.00,,6,1226279424,1226279424
compute,1,76,1491491868795.00,,6,1226279424,1226279424
compute,1,75,1491491867769.00,,26,1226279424,1226279424
compute,1,74,1491491866763.00,,5,1226279424,1226279424
compute,1,73,1491491865756.00,,6,1226279424,1226279424
compute,1,72,1491491864730.00,,26,1226279424,1226279424
compute,1,71,1491491863724.00,,6,1226279424,1226279424
compute,1,70,1491491862718.00,,6,1226279424,1226279424
compute,1,69,1491491861700.00,,17,1226279424,1226279424
compute,1,68,1491491859332.00,,6,1029169600,1029169600
compute,1,67,1491491858306.00,,26,1029169600,1029169600
compute,1,66,1491491857300.00,,5,1029169600,1029169600
compute,1,65,1491491856293.00,,6,1029169600,1029169600
compute,1,64,1491491855267.00,,26,1029169600,1029169600
compute,1,63,1491491854260.00,,6,1029169600,1029169600
compute,1,62,1491491853253.00,,6,1029169600,1029169600
compute,1,61,1491491852226.00,,27,1029169600,1029169600
compute,1,60,1491491849816.00,,26,929398112,929398112
compute,1,59,1491491848810.00,,5,929398112,929398112
compute,1,58,1491491847803.00,,6,929398112,929398112
compute,1,57,1491491846777.00,,26,929398112,929398112
compute,1,56,1491491845771.00,,6,929398112,929398112
compute,1,55,1491491844765.00,,6,929398112,929398112
compute,1,54,1491491843746.00,,18,929398112,929398112
compute,1,53,1491491842070.00,,6,1286713520,1286713520
compute,1,52,1491491841043.00,,27,1286713520,1286713520
compute,1,51,1491491840036.00,,7,1286713520,1286713520
compute,1,50,1491491839029.00,,6,1286713520,1286713520
compute,1,49,1491491838002.00,,27,1286713520,1286713520
compute,1,48,1491491836995.00,,6,1286713520,1286713520
compute,1,47,1491491835969.00,,26,1286713520,1286713520
compute,1,46,1491491834962.00,,6,1286713520,1286713520
compute,1,45,1491491833955.00,,7,1286713520,1286713520
compute,1,44,1491491832927.00,,28,1286713520,1286713520
compute,1,43,1491491830186.00,,6,1468043608,1468043608
compute,1,42,1491491829160.00,,26,1468043608,1468043608
compute,1,41,1491491828153.00,,6,1468043608,1468043608
compute,1,40,1491491827147.00,,5,1468043608,1468043608
compute,1,39,1491491826120.00,,26,1468043608,1468043608
compute,1,38,1491491825094.00,,26,1468043608,1468043608
compute,1,37,1491491824087.00,,6,1468043608,1468043608
compute,1,36,1491491823060.00,,27,1468043608,1468043608
compute,1,35,1491491822053.00,,6,1468043608,1468043608
compute,1,34,1491491821047.00,,5,1468043608,1468043608
compute,1,33,1491491820029.00,,17,1468043608,1468043608
compute,1,32,1491491817055.00,,6,1559663376,1559663376
compute,1,31,1491491816049.00,,6,1559663376,1559663376
compute,1,30,1491491815023.00,,26,1559663376,1559663376
compute,1,29,1491491814016.00,,6,1559663376,1559663376
compute,1,28,1491491813010.00,,6,1559663376,1559663376
compute,1,27,1491491811983.00,,26,1559663376,1559663376
compute,1,26,1491491810977.00,,5,1559663376,1559663376
compute,1,25,1491491809971.00,,5,1559663376,1559663376
compute,1,24,1491491808943.00,,27,1559663376,1559663376
compute,1,23,1491491807937.00,,6,1559663376,1559663376
compute,1,22,1491491806931.00,,6,1559663376,1559663376
compute,1,21,1491491805904.00,,27,1559663376,1559663376
compute,1,20,1491491801769.00,,6,1198123800,1198123800
compute,1,19,1491491800762.00,,6,1198123800,1198123800
compute,1,18,1491491799735.00,,26,1198123800,1198123800
compute,1,17,1491491798728.00,,6,1198123800,1198123800
compute,1,16,1491491797722.00,,6,1198123800,1198123800
compute,1,15,1491491796715.00,,6,1198123800,1198123800
compute,1,14,1491491795709.00,,6,1198123800,1198123800
compute,1,13,1491491794702.00,,7,1198123800,1198123800
compute,1,12,1491491793674.00,,28,1198123800,1198123800
compute,1,11,1491491790620.00,,6,606981328,606981328
compute,1,10,1491491789593.00,,27,606981328,606981328
compute,1,9,1491491788586.00,,6,606981328,606981328
compute,1,8,1491491787580.00,,6,606981328,606981328
compute,1,7,1491491786562.00,,18,606981328,606981328
compute,1,6,1491491785007.00,,6,307446864,307446864
compute,1,5,1491491784001.00,,6,307446864,307446864
compute,1,4,1491491782973.00,,27,307446864,307446864
compute,1,3,1491491781269.00,,27,155695296,155695296
compute,1,2,1491491780243.00,,26,78886888,78886888
compute,1,1,1491491779235.00,,7,0,96976